content,score
"Blibli offers a premium shopping experience with curated products and reliable authenticity guarantees. Customer service is responsive, packaging is always good, and deliveries arrive within the estimated timeframe. Great for electronics and official brand products.",5
"eror terus tidak dapat mendaftar atau login,tolong dibantu",1
baru nyoba nanti kalo cepat pengiriman nya tambah lagi 1 bintang.😁🙏,4
"€ Alhamdulillah dapat saldo di shopeepay 5juta dengan kode referral diatas, makasih shopee €",5
"mantap, saya suka interface nya",5
"kurang recomend , cicilan ga bisa di bikin 3-12x ciccil , metode pembayaran ga komplit , seperti qris dompet digital ,",1
Sangat Rekomendasi,5
Aplikasi yg Sangat wort-it 👑,5
ribet banget ini aplikasi mau top up aja harus daftar bank dulu 👎,1
pertahankan,4
mantap bener,5
mantap,5
ga ada cod khusus pengguna baru ya 🗿,5
Sukses buat Bli Bli,4
baru mencoba,5
ga ada diskon malazz,1
fitur makin lengkap keren blibli belanja makin mudah,5
𝕔𝕒𝕣𝕒 𝕡𝕖𝕟𝕘𝕚𝕣𝕚𝕞𝕒𝕟𝕟𝕪𝕒 𝕡𝕣𝕚𝕠𝕣𝕚𝕥𝕒𝕤 𝕘𝕒𝕜 𝕪𝕒 𝕥𝕖𝕡𝕒𝕥 𝕥𝕒𝕟𝕘𝕘𝕒𝕝𝕟𝕪𝕒 𝕖𝕤𝕥𝕚𝕞𝕒𝕤𝕚 𝕘𝕒𝕜 𝕪𝕒,5
sangat cocok dengan semua nyaaa suka sekali,5
Blibli offers quality products and excellent customer service.,5
desain menarik dan bisa pake cc juga,5
murah2 banyak voucher,5
mantap,5
oce,5
aplikasi ini sangat membantu enaknya barang yg kita beli tidak pernah ketipu.,5
amanah,4
ayo tambah lagi produk nya semangat bli bli,5
Mantab......solusi cepat....👍👍,5
Original barang2 nya dan setiap di kirim toko2 official nya selalu memperhatikan barang nya dan mengemas dengan bagus dn mengemas dengan box at kardus yang kuat dan aman jadi tidak rugi tidak seperti toko sebelah yang mengirim dengan box tembel2 dan tidak aman,5
sumpah ini sebenarnya apk nya bagus tapi udah GK bisa cod udah ongkir nya mahal lagi hadehh,2
Gak bisa login terus,2
good,5
"Barang originalnya terjamin, ada garansi Blibli. Belanja elektronik sama tiket aman banget. Voucher + Blibli Points juga kepake. Pengiriman cepet, packing rapi",5
good job,5
aplikasinya mantap freeongkir pdhal luar jawa. thankyou,5
mantap,5
mantapppp,5
bagus,5
mantap moga bermanfaat 🙏🏻👍🏻👍🏻,5
"tolong dong kembangin lagi biar banyak trafiknya,bakar uang dulu biar pada pindah dari marketplace sebelah",5
"beli pulsa disini, status gagal, pulsa ga masuk, duit nya tidak segera dibalikin, aplikasi parah², suka nahan duit orang, komplen ke cs gaada gunanya",1
respon cepat cuma kurang gratis ongkir cuma diskon ongkir yang banyak,5
"sistem customer servis nya payah,",1
"cs sigap, setelah mengalami kendala untuk proses refund selama 2 hari. cs akhirnya membantu dan sedang diproses, terimakasih banyak cs. apresiasi sekali",5
semoga lebih maju pengembangannya min,5
"Alhamdulillah, MasyaaAllah, Barakallahufiikum.",5
beli barang lebih gampang dan mudah,5
Pelayanan baik dan aplikasinya nyaman digunakan untuk berbelanja online.,5
Mantap Original,5
mantap,5
"aplikasi busuk, ngelag parah sampe gak muncul2 gambar produknya",1
"mantapp, proses cepat, dan aman",5
mantap,5
lancar transaksinya,5
mendukung produk indonesia,5
terbaik👍💯,5
mantul beli di blibli store,5
👍,4
👍👍👍👍👍,5
mantap,5
TERBAIK and FAST requesting,5
bagus,5
"banyak diskonnya, dan juga bisa tuker poin❤",5
"second choice marketplace, tp produknya masih kurang lengkap. utk belanja kebutuhan rumah tangga/sayuran bisa sehari sampai.",4
ok bgtt,5
"harga barang lebih mahal dr mrktplace lain. eh pas pake paylater bunganya juga lbh mahal.... bangkrut dah konsumen. padahal di yg lain jg barangnya sama original, hrg lbh murah dan paylater lbh murh jg. trus koleksi barang terbatas, gk semua ada. nyari efek gitar aja susah variannya. pake bli2 klo kepepet aja. jd pilihan terakhir. ini cm masukan ya, jangan baper min.",1
aplikasi sangat bagus,5
"semoga bermanfaat,good 👍👍👍",5
"motede pembayaran terbatas. jika pke itu g bisa pke qris. jika beli produk tertentu g bisa pakai payment gopay, ovo ,qris.",1
susah daftarnya,1
aplikasi Sampahh... Pengiriman lamaa...,1
jos jos jos jos,5
sell singapore buy indonesia,5
Great aplication,5
belanja pertamaa dapat voucher dari blibli 50ribu.. maantap,5
bagus,5
mantap,5
pengiriman lama....,1
Blibli Aplikasi Terbaik 👍🏻,5
akun gw di blokir cuk,1
aplikasinya mantap baru pertma kali pakai mudah2an selamanya begini,5
tempat yang baik untuk mencari barang ori,5
Diperbaiki lagi searchbar barangnya agar hasil yang ditampilkan bisa sesuai dengan permintaan opsi barang yang diinginkan,4
belanja sering blibli pay later di tolak Mulu,1
"lama banget nyampenya, mana update pengirimannya ngestuck lagi,barang saya 5 hari belum nyampe-nyampe",1
"apk nya bagus ,, sayang nya gak ada fitur COD itu aja sich",5
aplikasinya banyak promo dan murah,5
suka eror,1
kecewa aku,5
terimakasih blilbli proses mudah dan cepat,5
mantap,5
"mantap, semua ada yang di cari",5
bagus dari Indonesia,5
Alhamdulillah....,5
coba belanja disini ah....tetap semangat ditengah persaingan,5
GOOD MANTAPP,5
BARU MAU COBA,5
buy Indonesia,5
"saya belum nerima paketnya status sudah terkirim, customer service nya ribet, tolong jawab ini gimana?",1
mahal banget biaya aplikasi atau biaya bayar nya gtu 2000,3
"saya sangat senang menggunakan aplikasi Blibli untuk berbelanja dengan adanya paylater juga.. tapi saya ada masukan untuk kurir baik dari manapun termasuk JNE dll, agar ada nmr tlpon yg bisa di hubungi karena pesanan saya sangat lambat sampai mau menghubungi susah gak ada nmr yg tertera. mohon untuk di tindak lanjuti terimakasih 🙏😊",5
sangat membantu,5
Proses refund lama.. pemilihan pengiriman berubah sendiri nya... beda sama emarket ijo. call center juga jawabamnya template.,1
mantap,5
"semoga kedepannya barang di blibli lebih banyak variasi lagi agar bisa sama kayak toko oren variasi ny tetapi tetap menjaga kualitas,ini aplilasi anak bangsa saya berharap ini menjadi top e-comers di indonesia untk sekarang barang yg mau di cari msih kurang tpi emng barang di blibli ori dan bagus semoga kedepannya jadi lebih baik ya blibli dan dengerin apa kata konsumen",5
aplikasinya bagus dan mudah,5
bagus,5
fery good,5
"tampilan bagus, ringan, dan produk sudah lumayan lengkap, nice lahh",5
bagus tidak bermasalah,5
bagus barang ori,5
ok,5
preftt,1
"aku pakek blibli agar bisa mendukung anak anak bangsa di Indonesia agar bisa mendukung produk lokal aplikasi nya tingkatin lagi ya kak sama di salah satu barang seperti skincare tolong cantumin ori nya, biar para pembeli yakin produk nya ori semangat terus blibli 🔥🔥🔥",5
semoga banyak diskon dan bisa langsung COD jadi diskon/promo+COD= bayar di tempat,5
mantap,5
"pinjaman di tolak. tolong data2 saya di hapus. apabila di kemudian hari data2 saya ada yang pakai/di salah gunakan mengakibatkan nama baik saya tercoreng,saya bahwa ke jalur hukum&ojk. terima kasih.",1
"ok, toop",5
mantap gais pengiriman cepat dan aman,5
mantap👍,5
"kurahap ini aplikasi gk kayak si hijau dan si Oren soalnya dua apk itu sudah mulai kikir pajak , biaya ini , biaya itu malas mau belanja",4
"I luv you, Indonesian",5
sumpah blibli refubdnya lama bgt 5-10hr kerja..gilaaaa..,1
spt bgs cm stiap mo co ga bs ya sdh 🙏,4
"toped semenjak dijajah tiktod makin ngaco, circle gw pada pindah blibli katanya lebih murah + dijamin ori 👍🏻 mantap blibli pertahanin kualitasnya, jangan terpengaruh antek antek aseng",5
jelek.. nyari barang loading muter² gak beres² padahal wifi lancar..,1
mantaappp...,5
"dari pengalaman saya memakai 3 apk sebelah tidak ada satupun paket yang gagal di ambil, lah ini udahlah pakek yang express bisa bisanya ada keterangan paket gagal di ambil padahal ini baru pengalaman pertama saya menggunakan apk ini, jujur kecewa padahal di apk sebelah biasanya lebih cepat dari estimasi barang datang itu pun pakai yang reguler, untuk saran saya mending ganti kurir yang express menggunakan jna atau jnt saja yang lebih profesional",1
semua produk yg ada di aplikasi ini harga nya tida wajar,1
senang dengan blibli banyak promonya,5
tolong kembalikan uang saya padahal saya belum instal aplikasi ini tapi kenapa tiba tiba saya berlangganan di aplikasi ini tolong di kembalikan uang saya secepatnya,1
pertama sih baik saja tapi pembelian ke 2 tanpa embel embel official store barang lama proses nya. mau di cancel.pertama kata csnya tidak bisa karena mengunakan qris. lucu ya ada ecomer cs nya bicara seperti ini. di tempat lain org mau cancel sat set dan dana masuk kembali ke dompet digital .baru nanti kita tarik ke rekening masing masing. lha ini org mau cancel karena pengiriman lelet dan belum tentu di kirim ..dan setelah di proses refun pun ngak sat set seperti lainnya .proses lelet sekali,1
aplikasi ribet mau top up bliblipay pay ajh harus update dulu blibli x by blu... pantes ajh kalah sama platform lain,1
mantap,5
"padahal selalu bayar sebelum jatuh tempo,pay later nya juga tidak pernah lewat jatuh tempo tapi pas mau belanja lagi paylater di tangguhkan,ga jelas.",1
suka eror,5
"saya kapok beli di aplikasi blibli, untuk kompplain barang ribeut & status pengembalian juga dari tgl 2 sampe sekarang susah bangeut, uang 1,7 juta gak tau mau kmna, apakah di balik kan lagi ke saya atau mereka makan, SAYA DI SINI TIDAK MAU LAGI BELI DI APLIKASI BLIBLI RIBEUT, GAK KAYA SHOPPE TOKOPEDIA TIKTOK, MAAF SAYA KASIH 1 BINTANG",1
apk kurang bagus,1
mau tanya apa aplikasi ini bisa untuk belanja online. udah saya instal kenapa gk bisa di buka,5
Mantap,5
baru pertama kali order di aplikasi ini langsung dapat pengalaman tidak nyaman paket saya tertunda saya sudah estimasi tibanya datang tanggal 4-6 juni ini sudah tanggal 6 Juni tapi paket saya masih belum tiba,2
"aplikasi apaan ini capee blom bisa akses halaman ini trus aja ke gitu lama"" uninstall ni aplikasi",1
mantappp,5
"agen lelet, ngantri ke agen lama. peraturan pengiriman instant kaya pengiriman regular.",1
karena baru pertama belanja di sini jadi saya kasih bintang 3 dulu dan kalo bisa walau pertama kali belanja bisa pembayaran cod juga dong,3
good,5
mantab Blibli,5
aplikasi yang sangat ketinggalan jaman.,1
sangat suka,5
kereeen gak kaya apl sebelah ribet🙏🙏🙏,5
mantap,5
sangat mudah menggunakan metode aplikasi ini,5
tampilan yang elegan,5
pertama kali cekout semoga aman,5
💯,4
"Customer care blibli nya mohon di tambah lagi. masa untuk chat harus menunggu 18 orang (antrian) dan itu bisa satu jam. sedangkan jika aku meninggalkan ponsel ketika antrian ku sampai, maka chat akan diakhiri dan harus menunggu lagi.",3
sangat membantu,5
jarang diskon bayar tagihan mahal pakai paylayer jarang saya pakai akhirnya,1
luar biasa,5
mantap very good,5
"setiap mau masuk , tidak bisa terdeteksi .... mohon di perbaiki",3
mantap betul,5
mudah di pahami,5
Blili terbaik,5
"tolong kasih kode otp nya, dana saya ngestuk karna kode otp belum di berikan 1 bulan pntk",1
mantul,5
akurasi paket datang buruk darj 2 hari datang malah 2 mingu,3
"ONGKIR MAHAL, PELIT VOUCHER, PENGIRIMAN LAMA. OLSHOP KIKIR INI !",1
Mantull,5
"Aplikasi mudah digunakan, banyak promo menarik",5
Alhamdulillah sangat membatu,5
sukaaaaa,5
point expired tanpa pemberitahuan apapun,1
ok,5
mantap di dukung dg HCI yang cepat,5
baru buka akun blibi belanja online di refund sma seler nya yang bgtu lama saldo masuk bliby saya tf ke rek sendiri kena potongan 2500 proses 3 hari saldo berkurang dri blibi dana blm masuk rek. kacau sekali ini aplikasi sumpah shopee gak parah sperti i i,2
ok,5
mantap sangat mmbntu,5
"e-commerce terbaik, mau nyari apapun aja ada gak kaya di oren/ijo. Top lah, Blibli 👍",5
setiap beliii. selalu aja pengirimannya lama bngt,1
"pertahankan,...👍",5
keren,5
"pelit banget sama voucher, poin bisa dipakai kalau diatas 10.000. karena harga mahal jadi koin hangus. Pelit voucher tapi spam terus di email, ga ada manfaatnya, ga ada gunanya sama sekali spam2 email, ga bisa belanja juga. sudah pernah lapor CS ga bisa bantu juga, apa gunanya CS, eskalasi aja ga mau",1
bagus,5
Mantap daah..,5
"bug ulasan, gak bisa dibatalkan, scrol pesanan tau² masuk menu ulas produk, di back gak bisa, di tutup paksa aplikasi bliblinya dan pas di cek di riwayat ulasan udh keisi otomatis 👎...",1
"bintang 1 dulu, kebijakan retur nya kacau",1
terimakasih banyak blibli mempermudah usaha saya,5
hati2 blibli barang mau exp bukan di buang malah di jual hati2 kawan jangan sampai terkecoh harga,1
"Mantap, belanja lebih mudah melalui aplikasi Blibli",5
"BUG ULASAN, scrol2 pesanan tau2 masuk kasih ulasan dan saat di back dipaksa ngasih ULASAN BINTANG, apk sengaja di tutup pas di cek lagi diriwayat ulasan nya keisi bintang 1/2/3/4/5 BUG sendiri...PARAHHHH",1
udh lama GK pake blibi sekalinya mau pke blibi history toko biasa blnja barang di blibi kga ada.bekas pembelian.bahkan chat dengan seller ilang semua.kocak juga nih blibi..,1
mudah untuk transaksi semoga amanah,4
makin keren.. disuruh instal ulang sama suami... saran aja si smoga ga pake ekspedisi antaraja sma ninja express... soalnya di daerahku kurir nya ga amanah...,5
sangat bagus,5
Bagus dan tersedia banyak pilihan barang-barang kebutuhan dengan kualitas terjamin.,5
"e comerce kurang rame, DREAM-ON habis ratusan ribu poin gk pernah dapat juga, diskon dan promo juga tidak tidak pernah ada yg besar.",1
"status refund diajukan terus,ga berubah ke proses dan malah 5-10hr kerja. Lama banget biasanya dalam hitungan menit sudah selesai malah saya pakai paylater.",1
Mantab betull,5
manstap,5
Membantu banget dalam mencari kebutuhan pokok. terimakasih Blibli. 🙏,5
login akun aja gk bisa keteranganya server dalam perbaikan terus..tplon cs ..chat cs dh 1 mnggu gk ada sampai sekrng belum ada kemajuan,3
good job,5
di toko OREN gak lengkap (dibatasi) di sini lengkap dan ada paylater sangat sangat membantu,5
oke banget,5
saran untuk promo dan voucher kalo bisa d kurangin lagi persyaratan nya karna percuma juga kalo banyak promo banyak voucher tp gk bisa dipakai juga...,5
sangat bagus,5
mantap,5
"Tidak bisa membatalkan pesanan padahal barang blm dikemas, masih nunggu konfirmasi penjual",1
Notifikasi gak penting hapus aja lah....... menuh-menuhin aja notifikasinya....... Lazada aja bisa......,1
terima kasih,5
Okay 🆗👍🏻 bosku..,5
"Aplikasi apaan, gangguan sistem mulu",1
ok,5
ok,5
Kerem,1
sangat puas pakai aplikasi Blibli untuk beli barang asli Ori tidk mengecewakan🔥,5
bagus...,5
"Selain harga produk yang lebih mahal, fitur Blibli Paylater yg sangat membantu malah tiba² dinonaktifkan, sedangkan saya selalu membayar tepat waktu 👎🏻",1
"ok bibli,,,, terus temani aku ya sampai bisa dapat motor baru lewat cashback bibli,,,,",5
kalau boleh ongkirnya di murahin lagi yaaa,5
serba murah di blibli,5
suka,5
mudaj dalam berbelanja,5
"mantap, dan tidak berat aplikasinya",5
mudah dan murah serta super komplit plit,5
mantul,5
mantapp sangat membantu,5
Semoga sesuai harapan,5
perbaikin Cs nya yaa,1
jgn beli elektronik do blibli saya beli elektronik di blibli rusakpecah ga mau tanggung jawab hati2,1
apk 👍bagusnya,5
sat set.. Ui nya jg gampang. bnyk fitur nya.,5
apk nya nggak bagus,1
keren cuma kurang banyak stok,5
"awal bikin pesanan agak bingung, karna kepingin pake bayar di tempat, tapi kalau pake promo nggak bisa bayar di tempat. akhirnya pilih tanpa promo🙏",5
"Aplikasi menjijikkan! Buang2 waktu orang! Dikira semua orang punya waktu buat ngikutin permainan sistem aplikasi gak matang begini? saya baru pertama pakai aplikasi ini, baru aja buat akun, order di toko official, nominal gak kecil ±70juta, order sesuai sistem, pakai ongkir yang paling mahal, tidak pakai voucher apapun kecuali voucher ongkir recehan yang terpasang otomatis, and guess what, transaksi gagal karena alasan MELANGGAR KEBIJAKAN. Saya chat CS, Responnya lemot dan lebih parah dari bot!!",1
dari toko oren pindah kesini...ternyata tidak perlu verifikasi lewat aplikasi lainnya,5
mantap,5
good,5
mantap,5
banyakin lagi promo nya ya,5
oks,5
Tolong diperbaiki masalah untuk bisa packing kayu,4
mantul,4
makin mantul bnyk potongan harga. wlo pengiriman nya lumayan lama dibanding apk lain,5
mantap der,5
APLIKASI MANTAP,5
"kalo bukan karena ada pembayaran kredit males banget belanja disini, dah harganya mahal, pengiriman lama, harga merk axio aja di oren 200rb masa disini 300rb, beda 100rb coy, mgkin potongan dari blibli nya yg bikin penjual menaikan harga barang,",1
Bisa belanja pembayaran apapun,5
bismillah hirohman nirohim,5
sangat lama handling complain,1
😁👍😁,5
good,5
"sblm uninstal, tinggalkan jejak dl & bintang 1...🤐🤐🤐",1
"jujur 100% lebih suka pelayanan aplikasi ini.. gak takut malah chat sama chatbot/ai, gak khawatir foto produk dengan yang datang itu pasti sama.",5
ga bisa beli perlengkapan vape,1
bagus,5
"Baru instal lagi, ternyata semakin bagus dan lengkap. tapi sayangnya barang yang dicari jumlahnya masih sedikit. Semoga kedepannya di aplilasi Blibli lebih banyak kelengkapan barangnya. terimakasih 👍",5
mudah dalam belanja,5
mantap,5
mencoba traveling,4
"dari beberapa market online, sistem retur dsni yang paling parah. produk exp dekat ko malah nyalahin yang tidak sesuai yg di aplikasi. padahal produk Mash segel. dan produk penyok yg di salahkan buyer juga",1
cukup bagus,5
so far so good,5
Perbanyak promo promo ya,5
"Pelayanan baik, cepat dan akurat, mudah digunakan semoga menambah keberkahan aamiin",5
mantap,5
"sangat baik, ulet, tekun dan bersahaja",5
"sangat mengecewakan, mau ganti no hp diakun ga bisa",1
good,5
baru pertama chekout di blibli,5
kenapa tidak bisa di download ???,1
lebih baik dari tokped,5
bagus banget,5
pengiriman nya lama,1
"ERROR Bae,gmn ini min",2
"mengecewakan, seklinya mengecewakan, akan selamanya saya ingat ni apk,",1
Gangguan mulu,1
aplikasi ribet mau dafta aja susahnya minta ampun harus ijin cookie,1
terjelek,1
ok,5
ribet amat ajukan payleter aja susah. uninstal aja. ribet,1
ribet belanja di blibli.,1
aplikasi keren,5
"pembatalan pesanan eror, padahal cuma mau ganti alamat, hubungi CS Antrian ke 51, lambat banget, 4 jam kali ini nunggu",1
"proses refund sulit, jgn berurusan sama refund, pasti lama baliknya. lgsung uninstall , bye",1
harga barang2 di sini mahal2,1
bagus,5
"Hanya di Blibli semua produk official store disimpan di gudang Blibli. Bagus kalau professional, tapi sayangnya tidak. Saya membeli deterjen cair merk ternama, dan saat dibuka aromanya tidak sama seperti biasanya (bikin mual) dan aromanya lemah. Berati penyimpanan di Gudang Blibli tidak berkualitas, sehingga produknya menjadi rusak kualitasnya.",2
aplikasi erorr,1
customer service lelet bener! antrian 1 aja sampe 20 menitan lebih gila gila!,1
kecewa sampai sekarang paket saya belum tiba dari tgl 5.05.26 sampai sekarang belum tiba tgl 14.05.26,1
nice olshop. gratis ongkir masih perlu dengan minimal blanja 150ribu.,5
transaksi mudah gk pake ribet djamin originalitasnya,5
buka awal selalu error beranda x gmna tuh,4
Sangat buruk 👎,1
"𝙖𝙣𝙚𝙝 𝙞𝙣𝙞 𝙖𝙥𝙡𝙞𝙠𝙖𝙨𝙞,𝙖𝙠𝙪𝙣 𝙨𝙖𝙮𝙖 𝙙𝙞 𝙗𝙡𝙤𝙠𝙞𝙧 𝙢𝙚𝙡𝙪𝙡𝙪 𝙠𝙖𝙧𝙚𝙣𝙖 𝙠𝙖𝙩𝙖𝙣𝙮𝙖 𝙖𝙙𝙖 𝙖𝙠𝙩𝙞𝙫𝙞𝙩𝙖𝙨 𝙢𝙚𝙣𝙘𝙪𝙧𝙞𝙜𝙖𝙠𝙖𝙣,𝙥𝙖𝙙𝙖𝙝𝙖𝙡 𝙠𝙪 𝙥𝙖𝙠𝙚 𝙗𝙚𝙡𝙖𝙣𝙟𝙖 𝙣𝙤𝙧𝙢𝙖𝙡 𝙖𝙟𝙖. 𝙩𝙚𝙧𝙖𝙝𝙞𝙧 𝙢𝙖𝙡𝙖𝙝 𝙜𝙖𝙠 𝙠𝙪 𝙜𝙪𝙣𝙖𝙞𝙣 𝙩𝙖𝙥𝙞 𝙙𝙞 𝙗𝙡𝙞𝙠𝙞𝙧 😂😂😂",1
"mantap blibli, produk dijamin ori dan cs sangat membantuuu",5
cakep,4
mudah DLAM pembayar meluai banyak metode pembayaranya,5
"Heran, ongkir mahal amat. dari tokopedia dan shopee beda sendiri. padahal ujung ujungnya juga pake kurir JNE dsb. payah lah.",1
"Sangat Luar Biasa BliBli. memberikan Limit Paylater yg sangat besar, dan Pinjaman dengan Limit sangat Besar, dan Tenor panjang sangat. Tidak ada aplikasi yang se-membantu ini. Sukses Selalu BliBli, Terima Kasih.",5
puas banget sekali pengajuan langsung bisa,5
saldo Blibli pocket saya tidak bisa ditarik dan di belanjakan,1
"aplikasi tolol, login doang dipersulit",1
"Kurang banget, barang dicancel sama penjual. akhirnya masuk ke saldo Blibli, mau tf ke debit/blu gabisa harus otp ke nomor lama yang udah ga kepake. sedangkan pas ganti nomor harus otp juga kenomor lama aneh banget User Experience nya, jelek banget. keluhan by chat kurang memuaskan, aneh nih aplikasi. kurang worth it deh. nyesel bertransaksi disini",1
mantap,5
"pengalaman pertama berbelanja di apk ini dan sangat mengecewakan, sejak awal sudah bermasalah dgn penjual karena sdh seminggu barang tdk di kirim2 mau di batalkan ngga bisa, di chat admin apk jawabannya hanya sabar2. sudah hampir masuk 3 minggu barang pesanan saya hanya stuck di barang sedang dalam pengiriman. jasa pengirimnya JNE jga ngga jelas, bisa2nya kasih keterangan paket gagal kirim oleh karena alamat krng jelas. klo alamat kurang jelas kan bisa kontak sya? jasa pengirim lain kok bisa?",1
baru pertama kali pk bli bli. tapi suka sih.,5
mantap,5
"2022 tuktam blibi aman 1 hr kirim kelar. skrg kerja sama laku6, gk dkirim² dr hr ke 1 g ada kurir dtg samsek pdhl alamat ada di apk. knp mesti wa². udh disuruh batalin tp gk dibatal²lin. Cs blibi jg lelet bgt ngetiknya berasa ngomong sm bot AI. klo sayang duit sm waktu jgn tuktam blibi skrg pk laku6 semua ecom jg pk itu. buruk bgt dr segala aspek",1
good,5
semoga bisa terus di layani belanja nya,5
good,5
"sangat baik, semoga cepat dan aman",5
barang lengkap disini,5
"kak, kalo bisa pengiriman nya ditambah lagi kak, soalnya di daerah saya adanya jnt dan spx kak , kalo ga ada pengiriman melalui itu ,ongkir nya mahal bgt.",4
Barang sudah gak di inginkan kembali lagi dikirim lagi.,1
bintang 5 Untung bli bli,5
terimakasih Blibli semoga semakin sukses,5
"aplikasi anak SD, masih bodo",1
mantab,5
mantap sekali,5
kadang lama kevukanya padahal mengunakan jarungan wifi dan app Blibli terlalu berat. bahkan produknya masih kurang lengkap,5
ok,5
pilih aplikasi lain jangan ini,1
apk buruk,1
ga ngerti ma apk nya ga bsa klau di sruh nyri. brang yng kita mau,2
aplikasi ga jelas gw pesen instant 4 Jam dri 2 hari lalu sampe skrng ga dpt dpt driver . bobrok sistem nya . jgn mau pake instant di sini lebih baik di aplikasi yg lain . alasannya lgi d cek di cek terus dri awal komplen sampe skrng ga sampe sampe itu barang gw dan blom dpt driver .,1
layanan cepat responsif cukup,5
User friendly banget,5
"gila cuma beli pulsa 16k 5k pakai cashback Blibli pay. dibagian checkout gopay kurang 11k tapi pas bayar yg disedot 14k. mahal bgt biaya playformnya, parahnya ""biaya platform"" berupa ""rahasia"" alias gak ada di bagian checkout biaya playform 30.000 pun gpp tapi ditulis di checkout supaya pembeli beli di aplikasi lain aja",1
"Bintang 5, pelayanan bagus🤗 cs nya baik hati dan sabar seluas samudera, terimakasih banyak sudah mendengar dan membantu segala keluh kesah❤️",5
tidak menjaga kepercayaan antara oenjual dan pembeli,1
mantul,5
woke,5
mantap,5
komisi ga valid padahal udh share link sampe pesanan selesai lho,1
membantu sekali,5
"Ribet belanja di blibli, alamatnya padahal dah betul dan no hp nya pun juga dah betul, tetapi malah tidak berhasil dikirim paketnya katanya karna alamatnya tidak lengkap, padahal saya belanja 2 kali di shopee aman aman aja tuh tak ada kendala sama sekali dengan menggunakan alamat dan no hp yg sama, dan jasa yg mengirim paket saya itu ialah JNE COD. Tolong perbaiki lagi biar kurir/penjual bisa membaca mengetahui dengan detail lengkap alamat lokasi pembeli agar tak terjadi lagi hal hal seperti ini",4
keren...,5
"jelek, bunga besar, ongkos kirim mahal dan pengiriman lama",1
sepi promo barang mahal2 ongkir mahal,3
Kenapa Setelah Update Aplikasi Tidak Dapat Diibuka?,5
udah susah dapet voucher.mana aplikasi minta update mulu tapi voucher ga pernah up,1
tolong pengiriman di percepat lagi kayak toko sebelah paling lama 3hari,3
"maaf gw uninstal. notif suara org ""BLIBLI"" itu ganggu bgt apalagi klo malem bikin org kaget",1
"cek profil malah gak bisa, hadeh",2
Tempat shopping paling aman terpercaya,5
nice,5
mantap,5
"ecommerce favorite saya setelah oren. ijo udah abis masanya, saatnya biru berjaya.",5
pakai wifi kok gangguan terus padahal pakek aplikasi oren lancar ini aplikasi emang gak mau di pakek kah ???,3
"jujur aplikasi e-commerce yg paling gak simple log-in nya, sering Reload jadi susah login",1
Sudah di ikuti indodana di gabungkan ke blibli..eeeh dari sini malah di persulit.. dulu masi tetep paylater dan dana tunai di indodana aman2 aja lancar.. bayar gak pernah telat juga setelah di gabungkan mau pengajuan baru di tolak2 trs... hrusnya di prioritaskan orang2 yang bayar sesuai gak pernah telat dan sebelum jatuh tempo gak malah gini mau pengajuan lagi ke tolak trs,1
Original dan bergaransi,5
setelah paket diterima kamu mendapatkan voucher 100.000 karena paket telat diteri. nyata cuma 10ribu dan ini sudah ke2xnya,2
untuk apanya tolong dong jngn kebanyakan bug. soal ganggu banget. padahal lagi pelajari setiap fitur bliblinya tapi kebanyakan bug. bikin kesel aja. perbaiki segera nanti saya ubah bintang nya,4
"blibli dzolim, penipu, pesanan tidak bisa dibatalkan karna transaksi pakai qris",5
"customer service antrian nya kyak ngantri sembako puluhan ribu orang, dari nomor 24 sampai ke 16 hampir 1 jam, lalu kalo sampai ke giliran saya butuh berapa jam lagi?",3
bolot,1
"baru install mau bikin akun malah ga bisa karena langsung ada peringatan ada aktivitas tidak biasa, laaaaah, baru juga download, aneh",1
PROSES RETURNYA LAMAAAAAAAAA BANGETTTTTGG,1
"TIDAK BIASA BLIBLI, ia Blibli barang mahal ongkir gede tidak ada jasa layanan paket ke pelosok terpencil ke slurh indo hanya sedikit hanya untuk kota besar saja,,iklan di mana ga rekomendasi Blibli ini👎",1
good seller and good Aplikasi smart Izzy recommended seller,5
kak minta bantuannya kak saya ada uang transaksi di bli bli yg dikembalikan cuman nomer yg saya pake di bli bli tidak terkait di bank apapun terus nomer nya mati juga ...untuk pengambilan uang saya gimana ya kak,5
ok,5
"pertama kali order order dibatalkan blibli karena stock kosong,dana kembali 5-10 hari aneh,bisa2nya toko yg mereka kelola sendiri stocknya ga update",1
pantesan sepi peminat product nya gk lengkap nama aja banyak,1
"kecewa berat dah, beli barang disini kirimnya lama pake bangettttt seharusnya tanggal 24 terus ganti tanggal 29, sekarang udah tanggal 29 tapi nggk ada tuh dikirim"" baru beli di apk nih, kalau nggak ada event"" gini mana mau beli di sini udah chat sallernya pun gitu lama balesnya, niat apa nggak dah ini jualan nya mohon ditingkatkan lagi ini kinerja nya",1
"Belanja di Blibli, banyak kecewanya. lebih dari 3x pesananku di batalkan otomatis, padahal aku ingin sekali beli barang tersebut. Kecewa kecewa kecewa",1
"Saya mau login akun Blibli milik saya trus kirim otp via wa, sudah saya ketik otp nya , eh muncul lagi kirim otp via email. Kok skrg jadi ribet gini buka Akun Blibli saya?. kenapa sekarang di persulit? Jadi saya tidak boleh belanja di Blibli lagi nihh? Nggak masalah sihh? Masih ada Shoppe, Tokopedia & Tik Tok Shop kok. Ini sama aja mempersulit customer nya? Lama2 Blibli akan di tinggal customer nya jika mempersulit seperti ini",1
nyesall beli diblibli tiba tiba barang nya tidak berhasil dikirim kapokk beli disiniiii buat kalian jangan dahhhh,1
bliblicaee dan juga limit paylater knp gk bisa dibuka. gimana cara mbenerinnya....bos....,5
"point nya gk bisa buat beli pulsa, parah",1
tidak bisa login respon mendeteksi aktifits yg tdk bisa akunmu,1
dapat dipercaya dan cepat,5
"If Blibli wants to compete with other online shops, don't use JNE because the delivery is very slow.",1
"Masuk ke akun Blibli skrg, ribet amat ya? kirim otp via wa trus kirim otp via email juga. Astaghfirullah Al Adzim...Blibli ..Blibli knp ribet amat sihh? kalo gini jadi males mau belanja on line di Blibli. Saya punya Akun Shoppe & Tokped juga, tapi kalo login ke akun shoppe/Tokped milik saya tidak seribet Blibli ini. Kalo Blibli masih seperti ini terus, siap2 aja akan ditinggalin customernya. Untuk login aja di bikin ribet customernya. Males saya belanja di Blibli kalo seperti ini!!",1
Bangkrut.,1
aku sadar diri... barang barang orang kaya semua isinya jadi ku unistall... 😄,1
terimakasih 🙏,5
gue suka banget sama Blibli... 😭😍,5
pengiriman lelet tidak ada pengiriman yang di prioritaskan untuk barang mahal! antara barang mahal dan murah pengirimanya sama aja! nunggu numpuk dulu baru di kirim! beda jauh ama toko sebelah klk barang mahal yang di beli otomatis bisa pilih kirim kecepatanya! lha ini atara barang mahal atau ga sama aja lelet banget,2
ongkir paling mahal jatuh ke aplikasi dab expedisi ini,1
"pengiriman nya lamaa banget sampe berhari hari, pelayanann nyaa ga gercep lama banget, customer service nya juga Lola lama bngt bener bener di bikin kecewa banget jangan ada yang pesen di sini deh!!!!",1
Pengembalian dana dalam bentuk voucher cashback tidak dapat ditransfer ke rekening. lama pakai blibli baru ini mengecewakan.,1
"baru pertama kali pakai aplikasi ini, dan baru pertama membeli barang , dari tanggal 21 sampai tanggal 24 status di apk masih di pick kurir, waw sekali saya pesan barang di apk lain di hari yang sama tgl 23 sudah sampai 🙈 ini sampai tanggal 24 status masih sama, padahal jarak kota tujuan dan kota pengirim cuma sebelahan yang harusnya estimasi paling lama 3 hari , ini sampe sekarang tidak ada perubahan status di apk ya , mau chat akun blibli susahnya minta ampun antrean ya panjang sekali",1
mantap,5
"sangat buruk, keterlambatan barangnya melebihi estimasi pengiriman, voucher-nya tidak sesuai janji bilang nya 100 kenyataan 50 saja sangat tidak rekomendasi.",1
"ya barang yang dijual disini semuanya asli, tapi untuk transaksi click & collect kalo toko terdekat stock nggak ada akan tetap seperti pakai jasa pengiriman diluar kota. kalo buka aplikasi juga hape terasa panas sama kayak buka shope. sejauh ini tokped yang stabil",2
sangat memudahkan urusan urusan semua KLW pake aplikasi gopay,5
oke,5
jera aku belanja di apk ini pengalaman pertama belanja aja sungguh buruk. tidak bisa pilih expedisi. pengiriman lewat JNE express hampir 1 bulan padahal saya mengunakan reguler. hubungi cs ga ada solusi tentang pesanan saya. pihak kurir pun gak ada chat saya begitu pula cs blibli tiap kali laporan gak ada hasil. sekarang saya sedang menunggu paket saya tiba. kalau tidak bisa diantar batalkan saja dan kembalikan uang saya. mending di toko oren,1
tei login aja ribet.. udah login pake nomer hp udah masukin kode otp malah nbah lagi email.. mana emailya lupa.. mana gak ada tombol lupa email atau lupa pswrd... jelek banget ni apliksi,1
proses cepat,5
mantul... (mantap betul) 👍👍👍👍👍,5
hmmm nggak bisa cod dn ongkir mahalllllll,1
kenapa saat buat bayar cicilan tagihannya ada yang tidak terupdate ya,1
login eror,1
👍👍👍,5
So far so good.,5
cet costumer gk pernah respon,1
puas bgt,5
"kecewa belanja di BliBli, niatnya mau cepat pakai go instan ternyata malah SANGAT LAMA PROSESnya berbelit2, tiba2 gagal kirim, kurir udh balikin barangnya ke seller dan seller udh terima, namun sistem blibli masih tetap gantung bahwa barang masih dalam proses pengiriman berjam jam dan dimenu pembeli, driver, baik seller juga seakan2 freeze ga bisa diapa2in ga ada menu batalkan dan ga ada menu lanjutkan. ini betul2 kuno skali BLIBLI sumpah kecewa pakai blibli, lebih baik dan lebih cepat TOKOPEDIA",1
cukup bintang yg bicara. apakah layak akun ini untuk direkomendasikan.,1
sangat membantu,5
gak bisa login chat seler malah gak nyambung tanya apa jawab apa dlu sdh pernah dftar pas dwnload lg msukin nmr malah gak bisa akun sdh terhubung lah aneh gak bisa msuk penggabungan akunn !!,1
Ternyata jelek waktu pengembalian dana nya ketika mau order ulang harus nunggu beberapa hari baru limit balik lagi beda dengan aplikasi warna ijo dan oren 😄,2
oke bgt,5
mantul,5
"sesuai dengan gambar, dan gak lemot",5
"Tidak bisa masuk atau daftar di aplikasi, halaman dialihkan ke web, lalu kadang halaman tidak muncul, blank page baik sebelum atau sesudah masukkan kode verifikasi, dan aplikasi ini tidak bisa multi taks, setiap habis di minimize selalu kembali ke halaman awal.. bad app..",1
memudahkan urusan duniawi,5
"pertama kali beli disini, overall desktopnya smooth ga nge lag kayak oren. diskon2nya juga oke banget",5
"kenapa di blibli punya saya , harga edan pada mahal semua , gak kaya di apk sbelah",1
"untuk kode verifikasi bliblipay tolong tampilkan pilihan verifikasi WhatsApp atau wajah, karna nomor telepon sudah tidak aktif",3
gimana ini Kak uang saya 100rb gak masuk masuk udah 5hari saya nunggu mana itu saya bayar dengan spaylater jadi saya ad hutang di spaylater 😭 bantu kak gimana solusinya,1
sangat membantu terimakasih,5
Sudah bagus tapi kenapa dasbor affiliate nya tidak bisa diakses ya? tolong team IT di perbaiki supaya bisa aktif lagi para affiliator,5
"SAYA TIDAK PERNAH MELAKUKAN TRANSAKSI APAPUN DI APLIKASI INI, TETAPI DANA SAYA TIBA TIBA KE POTONG SENDIRI DAN LANGSUNG TER BAYAR KE APLIKASI BLIBLI INI TANPA KODE PIN. SUNGGUH SANGAT MERUGIKAN",1
blibli oke,5
"bagus sih, cuma pembeli seharusnya bisa milih expedisi sendiri. JNE di daerah Blitar itu prosesnya lama. Barang sudah sampai tapi Kurir ngirim paket ke pelanggan pasti di estimasi terakhir. J&T malah lebih bagus dari JNE",5
transaksi jadi lebih mudah,5
Good Job my bro... IM feel existing,5
mantappp,5
good,5
"Beberapa waktu lalu Beli barang, paket diantar ke alamat yang salah oleh kurir. Tidak ada kabar dan jalur informasi yang dapat memberikan keterangan dan penjelasan. Foto paket tidak jelas sehingga tidak tahu perusahaan kurir apa yg dipakai. Tapi syukur Alhamdulillah barang tidak hilang, dan sekitar 2 hari paket dinyatakan status terkirim, kurir menghubungi lewat pesan messenger. Semoga bisa diperbaiki lagi layanan komunikasi instan antar customer dengan penyedia layanan.",3
dibatalkan tiba tiba sudah payment sudah berhasil tp dibatalkan sepihak dgn alasan yg sangat konyol melewati waktu pembayaran klo lewat waktu ya gak bisa di bayar saat checkout langsung payment saat itu jg anneeeehhhhh,1
mantap ni aplikasi,5
asli nih,5
NYESEL PARAH PAKAI APLIKASI INI...RETUR PRODUK UDAH SEBULAN GA BERES PADAHAL BARANG SUDAH DITERIMA SELLER...DANA RETUR DARI TANGGAL 10 MARET SAMAPAI SEKARANG 16 APRIL BELUM KUNJUNG MASUK...STATUSNYA MASIH DIINVESTIGASI BLIBLI TERUS...,1
mantap app blibli,5
"blibli kenapa, koq rada susah log in",5
good,5
pastikan seller mempunyai stok barang,5
semoga amanah,5
baguss bermanfaat,5
daftarnya susah bngt lah woy !!!,2
mantap,5
👍👍,5
mantab,5
"saya retur barang pasta UI kacang hijau ganti dengan pasta pandan pewarna kue sesuai dengan barang yg saya perlukan saya disuruh menambah 29 rb, Go Pay saya otomatis terpotong namun barang tak pernah datang, system agak idiot seperti nya",2
"mantep banget ini aplikasi, menghabiskan uang jadi lebih mudah dan praktis.",5
baru pertama pakai blibli . semoga selalu baik bila ada keperluan selalu ada di sini. bermanfaat,5
bintang berbicara,5
aplikasi x bagus dan sangat membantu,5
sementara ringan dan tidak ada bug,5
"Refund doang aja ribet padahal mau ganti alamat doang lalu saya beli lagi, kenapa harus menunggu uang balik 5-10 hari",1
"reviewnya kebanyakan bintang 1 ,kalo bisa mah bintang negativ",1
refun y tolong dipercepat dong karna tagihan y muncul sedangkan refun y blom dikembalika itu gimana,1
"aplikasi ajing,ada keluhan pelanggan gk ada tanggepan, jgn blanja di blibli, tu bgt, paket saya tanggl 7 pesan estimasi tanggl 9_11 sampai tpi nyamp tanggl 14 gk sampai,, menta bantuan am cs gk ada tanggapan sama sekali... toko online penipu,,,",1
mudah dan cepat,5
bintang satu dulu karena barang blom datang,1
kecewa banget aplikasi blibli... refund dana masak nunggu 3-5 hari kerja.... beda sama aplikasi sebelah refund dana langsung masuk jadi bisa beli barang yang lainnya.... gini nunggu 3-5 hari lama bossss belum ntar kirimnya....duh...,1
mangttabbs bli2 tq,5
adminya asik jir,5
keren,5
"aplikasi oke,apa lagi dapet kurir ramah enak enak lah,cuma disini pelit banget GK gratis ongkir GK kek di toko Oren, di aplikasi ini gratis ongkir nya hanya 10rb-15rb ayo lah baik baik dikit☺️",4
ongkirnya gila.. 1⭐🌛 for you,1
"blibli masih sering error, difitur menu² yang tiba² tidak bisa tampil padahal sinyal jaringan bagus",3
"mau login susah banget.. di persulit .. gimana orang mau pake, login nya aja kayak gini susah",1
selalu jadi andalan blibli..,5
app belanja online,5
mau log in aja susah amat. kacau,1
lumayan manteplah,5
blibli keren pisan,5
"Sudah sangat bagus min aplikasinya ,sudah Upgrade,keren, kalau bisa tambahin fitur upload Video untuk para affiliator agar bisa upload Video Jualan min, biar affiliator ada wadah buat promosi produk dari bliblinya min, itu aja saran dari aku sih , ikuti perkembangan zaman ya min, sukses selalu",5
"tolong di perbaiki masalah keranjang Blibli nya. kalau kita skrol sudah jauh dan buka produk lalu kita kembali lagi bukanya kembali ke skrolan yg sudah jauh malah ke mbali ke awal produk keranjang yg pertama lagi,jadi kita capek sudah skrol jauh buka kembali ke awal keranjang awal lagi itu yg perlu di benahi kk",5
"Hati2 olshop ini mulai bermain dengan modus menawarkan harga diskon gila-gilaan, lantas secara sepihak membatalkan transaksi. Tujuannya jelas menahan dana customer di bliblipay. Endingnya, penarikan dana ke rekening yg kita minta tak kunjung berhasil. WASPADALAH! RIP blibli, maaf saya harus jujur soal ini.",1
sangat mudah dan membantu sekali,5
sampah banget nih aplikasi ... mau balikin duit ke rekening pribadi aja lama banget ampe 2 hari lebih . namanya doang produk ori ... kaga jamin kemudahan,2
good,5
oke,5
"mengapa aplikasi saya gk bisa dibuka,...??? ada penjelasan klo ada aktifitas yg mencurigakan,...maksud nya gmn ini ????",2
ada limit tapi tidak bisa di gunakan,2
murah murah di sini,5
satu bintang aja Karena tidak bisa menampilkan yg di cari terpaksa saya uninstall lagi 🙏🏻,1
"belanja termurah, jualan pun tidak boncos",5
ini gimana maksudnya blibli. ngasih voucher janjinya aktif hingga 1 januari 2027 tapi keesokan harinya hangus kambing,2
cs lu berapa sih? mau komplain kok nunggu 2 jam antrean nggak kelar kelar,1
"Biaya2 nya terlalu banyak, isi Token 50rb jadi 53.900, padahal udah pakai vocher 1.000 gilaa",4
mantab smooth simple,4
"sumpahh ga lagi dah beli barang online lewat sini.. pengiriman lama sampe seminggu padahal jarak dari pengirim ke rumah saya dari jakarta ke depok, di keterangan cuma ada tulisan ""maaf ya pesanan mulai telat kamu akan mendapatkan voucher 100.000 setelah pesanan tiba"" apaan tuh semudah itu ngasih solusinya padahal barangnya lagi cepet² di butuhin.. JANGAN ADA YG INSTAL KALIAN BAKAL NYESEL",1
Mantabzz,5
mantap,5
aplikasi paling buruk tidak bisa dibuka susah masuk,1
"baru jualan langsung di nonaktifkan, dengan indikasi pelanggaran dll karna ada kesamaan nama, mana lemot pengurusannya. lagi butuh"" nya malah digiinin sma pihak nyaa hadehh tidak speerti akun di olshop lain yg malah mempermudah",1
"retur sampe 6x pun tetap di kasih barang yang sama jelek, mantap blibli chat cs berkali"" tetap ya gitu lah malah gk ada empati",1
"min, bisa cari tau ngga? saldo didana aku ditarik orang pakai akun blibli",1
"mudah dn tdk ribet sprt aplikasi lainya,,,terima kasih,,,mohon untuk selanjutnya jgan yg mahal""ya mbk klu bisa 😁",4
belanja satsett pake Blibli 🥰,4
okee siip,5
mantab,5
"okee terimakasih sudah selesaikan permasalahan saya ,sorry sempat marah2 dan kasih 🌟1 karna klo ngga kaya gtu gabakal dibantu gw😑",5
amanah,5
aplikasi online shop terbaik yang pernah aku pakai,5
murah shoope sama lazada,1
"udh di kirim pake email,wa di aplikasi nya di chat kaga ada balasan",2
mantab lah🥰,5
aplikasi makin gajelas beli produk dengan harga yg ga murah pake instant udh mau seminggu dari tgl 2 belum sampe sampe. dichat di aplikasi nunggu 52 antrean. giliran chat di WA sistem sibuk disuruh ke aplikasi. di chat ke pusat resolusi bilangnya dari tgl 4 2x 24 jam klo gada konfirmasi auto di refund. tapi sampe skrg gada kejelasan,1
blibli care nya lemot nya mnt ampun ditmbh logistic yg TDK profesional sangat mengecewakan,1
okeh banget,5
gajelas tiba2 paylater saya langsung diblokir,1
Keren blibli saat belanja biaya penanganan murah hanya Rp 1.000,5
"udah nunggu lama buat chat live eh di chat live pun agen nya gak jelas suruh nunggu lama juga, gimana sih udah beberapa kali lo kayak gini heran banget dah",1
Harganya di luar nurul bikin tensi naik,1
"Saya co item di tgl 5/4/26 dengan keterangan di awal estimasi diterima tanggal 6-9 Apr 2026. Item tersebut memang maks harus saya terima tanggal 10, karena 11 Apr sudah hrs dipakai. Setelah co, keterangan berubah maks penerimaan item tanggal 11 Apr dan baru nampak kalau toko pada tanggal 5 libur. Saya chat toko besoknya tdk dibalas padahal toko online terus. Sya chat blibicare tpi katanya pembatalan tdk bisa dilakukan krn tergolong normal. Dan skrg app error karna ada aktifitas tdk normal wkwk",1
"barang"" nya ORI semua",5
"pas dengan suara notif langsung uninstall, ganggu bener mending Shopee",1
Rekomendasi,5
sangat memuaskan belanja di Blibli,5
sudah sering transaksi di blibli terutama hypermart tp banyak brg yg tdk dikirim. pas proses refund tdk di respon dan blibli nya sendiri di chat nunggu antrian lama bgt dan ujung2nya gk terlayani. proses refundnya sangat lama dan ribet pdhl sudah mengikuti step2nya. seller bener2 untung banyak dari barang yg tdk terkirim karena brg sudah dibayar dlu. mau ikhlas tapi cukup belanja disini. tdk seperti market place lainnya yg gercep bgt. kecewa berat belanja disini.,1
pokoknya oke dan mantap,5
"keren, barang nya ORI semua mantapp..",5
luar biasa blibli,5
very good,5
"ONGKIR KE SUMATERA 100 RIBUAN 🙄, padahal harga barangnya murah2 banget pake voucher. pas liat ongkirnya ya ampunn... pantes aja pada lebih milih toko oren/tt shop, soalnya gratis ongkir. semoga Blibli kedepannya bisa bikin gratis ongkir ya di luar pulau Jawa😊🙏🏻",1
respon cepat mantap betul,5
"saya mau bayar pakai qris tapi ga bisa ganti lah ke va dan transaksi berhasil, tapi ternyata pesanan dibatalkan laporlah ke cs awalnya bilang dana ga masuk ke blibli saya sudah tanya bank lalu diberi bukti uang sudah masuk, lalu alasan lagi nominal tidak sesuai nomor pesanan katanya uang saya masuk ke pesanan akun lain pdahal saya ga punya akun lain di tanya akun siapa alasan privasi, KALO EMANG GAMAU BALIKIN UANG NYA BILANG GA USAH MUTER"" MINTA BUKTI INI ITU!",1
"Aplikasi bodo, gak bisa apapun, bisanya susahin pelanggan",1
mantap,5
bagus,5
"PENGIRIMAN LAMAA, LAMBAT.",1
cukup,4
pengiriman lama bnget 7 hari belom sampe waww,1
Lanjutkan!!,5
pasti lancar teruss,3
the beast pokonya,5
"Bagus, semoga semakin banyak diskon",5
good,5
Good,5
good,5
Promo bliblistore tuker gratis hp samsung s25 ultra dgn s26 ultra di Grand Indonesia chaos karena infonya kuota sudah habis di hari ke 3. padahal promo sampai tgl 5 april. bilangnya di awal dpt kuota 40 per hari. termyata dihabiskan semua dalam 2 hari. parah banget ini mah...!!!,1
"SUMPAH DIKIT2 HUBUNGIN CUSTOMER CARE, MAU KOMUNIKASI KE KURIR AJA GABISA, HARUS KOMUNIKASI 3 ARAH. PESEN KULKAS PAKE EXPRESS ESTIMASI 2 HARI TAPI UDH LEBIH DARI ESTIMASI BELUM SAMPAI JUGA, GAADA SOLUSI CUMA DI SURUH CHAT CS GITU TERUS!!!!!",1
Ok,5
"best ever, aplikasi nya ringan gak kaya yang oren berat karena banyak add on yg gak jelas.",5
mntap,5
proses cepat pembayaran mudah.. pokoknya mantap,5
sudah males belanja di blibli tidak lengkap sekarang,1
mana sekali,5
mudah banget belanja disini palai cc. thanks blibli.,5
keren aplikasi y,5
"mudah, tapi produk dijual masih kurang lengkap. banyak yang mesti dilengkapi produk-produknya.",4
Top,5
👍,5
semoga barang cepat sampe,3
"easy use praktis dan barang dijamin original , mantaaaaap",5
ok,5
mantul,5
refund lama.,1
"buruk. pelayanan terburuk. bliblicare hanya membalas ""minta maaf"" lalu chat tidak dibalas. barang tidak terkirim² dan tidak bisa di canceled juga dan tidak di refund. saya hanya memesan susu bayi 3 dus",1
"baru mau coba, tapi proses nya cepat ya☺️",5
aku suka,5
semangat BliBli,5
tidak bisa bayar di tempat,5
keren dan no tipu tipu,5
produknya tdk pernah mengecewakan,5
solusi untuk beli barang secara online terbaik dan ori mantap pokoknya,5
mudah dan responsif,5
keren,5
refund ga masuk2 !!,1
good,4
semoga terpercaya,5
"entah,apa yang terjadi",5
"tadinya bintang 2 saya turunkan lagi, first experience belanja di aplikasi ini aja kayanya udah ga bagus wew kiriman dari bekasi ke depok estimasi hampir seminggu, aplikasi sebelah aja luar pulau bisa 3 hari yang mau belanja disini mending pikir2 lagi, harga ga beda sama offline",1
masih bingung byk bgt operator penggunaannya,4
ok,5
"barang nya kadang kurang lengkap, tapi untuk harganya murah murah, walaupun banyak produk original nya tapi karna ini original pastinya stok nya tinggal sedikit atau enggak, habis",5
notif spam,1
"jelek banget pelayanan blibli care nya, saya mau retur produk krn kekecilan, eh disuruh bayar selisih harga 2x nya, alasannya krn saya beli pas diskon trs waktu diretur udah gak diskon. habis itu dana nggak bisa dicairin masuknya ke cashback, jauh bgt sama toko oren yg gercep.",1
mantap,5
"Transaksi mudah dan lancar tak pernah ada gendala, app ini mantap betul.",5
semoga bisa good service 👍,5
"aplikasi lemot, refound dana GK dibalik2in",1
sangat bagus respon cpt,5
oke sippp jos,5
Smoga bisa meninggalkan Blibli dgn tenang..!!!,1
Mantabbb,5
"saya ingin membatalkan pesanan malah gagal dengan tulisan ""ada gangguan di sistem kami"" ini mah sama aja sekali Check out gak bisa di batalin",1
"Susah banget cari produk yang bisa kirim COD, di Filter pencarian juga ngak ada.",1
Ok bgt,5
"yaa Allah tolong kembalikan saldo dana saya sebesar 150ribu yang termakan oleh pihak Blibli,tolong kembalikan saldo dana saya🙏🏻",1
mantap betul...,5
keren,5
"lah ini kenapa baru balik lagi instal kok nggak bisa login pakek akun lama ? pesan pop-up : maaf, telah terjadi kesahan, Silahkan coba kembali button > ok",3
"ga jelas banget padahal peta lokasi udah sesuai, tetap aja ga terdaftar gimana sih ini apk??? semua apk terdaftar dgn jelas auto hapus deh 👎👎👎👎👎",1
mantul (mantap betul),5
mantap,5
mantaf,5
item barangnya sedikit...,3
Blibli buat belanja makin seru,5
"payah tidak bisa membatalkan pesanan, padahal masih di proses,, chat agen tidak ada solusi,, jawaban muter² kaya obat nyamuk 🤦",1
apk sangat amanah sepanjang penfalaman saya,5
bli bli is the best,5
oke,5
mantap,5
"lama customer servicenya,mau pedangang sm dari aplikasinya bikin kecewa harus nunggu lama,ga kaya olshop yg lain,chat pedagang sama chat customer servicenya cepet di balasnya",1
Pembelian produk bagus dengan berbagai pilihan pembayaran.,5
Bagus,5
good,5
tidak rekomendasi untuk di install,1
mantap apk nya,5
Barang Ori ...joss pokonya Blibli,5
"hmmm sistem keamanan nya terlalu galak, bahkan akun ku dicurigai gara2 lupa matiin vpn cloudflare. padahal mau daftar ehh malah gak bisa pas dimatiin VPN nya malah di blok sementara haduhh 😌 ya udah deh bintang 3 aja dulu benerin lagi tuh sistem keamanannya terlalu galak banget",3
"kasih 4 bintang dulu, ku tunggu kalau pesanan datang dengan kualitas utuh (bagus).",4
"Refund dana 1-3 hari kerja, tapi ga di refund sesuai estimasi. Sudah laporkan ke email customer care, ga ada gunanya. Jawaban standar dan janji kosong. Sudah ga akan belanja lagi. Kapok terlalu banyak masalah terutama pengiriman",1
keren,5
😉,5
lebih mudah.... mantap 👍🏻👍🏻👍🏻👍🏻👍🏻,5
Oke mantapnya....,5
"aplikasi paling payah yang pernah saya coba, pelayanan buruk, berakali kali saya order dibatalkan oleh seller tanpa confim, saldo ketahan ga langsung direfund udah 2 Minggu blm balik, saldo refund keterangan sudah selesai tp belum diterima cs susah di hubungi bener bener apk menyusahkan, jangan coba coba deh belanja disini kalo gamau dibikin susah ujung ujungnya, dikata orang ga butuh duit nyepelein nahan saldo orang padahal yang cancel pihak seller bener bener kocak!",1
mantap,5
sangat mdh dan membantu,5
"tolong dirombak aja staffnya mau retur dikarenakan jumlah kurang buat mengunggah video aja GK bisa2 sudah dibelain buat ngedit karena dibatesi ukuran MB nya dan durasi,kalau mau maju pastikan pengguna aplikasi puas dan proses dibuat sesimple mungkin byk yang kecewa karena proses yg belibet semoga tersampaikan dan semoga bisa lebih baik kedepannya",2
makin lama makin buruk pelayanannya !!! bliblicare chat jam2 an antriannya !!! janji diberesin kapan. juga masih molor !!! jadi ga berani belanja sering dah di sini !!! barang murah (pk grab instan) aja 3 hari ga nyampek. masalah ga diberesin. apalagi yg mahal !!! pdhl saya customer diamond dilayani ky SAMPAH gini !!!!,2
nice,5
mantul 😁😁,5
Memiliki pengalaman yang buruk saat proses retur barang.. dikarenakan barang tidak sesuai expetasi/rusak. ** pengajuan dri tanggal 9 maret 2026..metode dijemput kurir Blibli..dijanjikan jemput paket ditanggal 10 maret.. Tapi.. sampai sekarang (15 maret 2026).paket belum dijemput juga.. *** balasan email pun hanya basa basi saja. **** telpon cs hanya habiskan pulsa saja. **** baru kali ini saya Sangat2 KECEWA.. bagaimana mau Saingan Shopee. 🙏🙏yang proses retur sehari juga kelar..,1
"aplikasi belanja Paling buruk , nyesel aku belanja pakai ini , logistiknya kacau gak ada nama gak ada nomer hp , pesanan tidak berhasil terkirim terus ,dan tidak bisa dibatalkan , menghubungi pihak toko gak mau bertanggung jawab,benar benar buruk",1
Bego Blibli Care nya,1
murah mantap,5
"semakin jarang belanja di blibli, krn semakin berkurang layanan yg diberikan, spt pembatalan belanja 3hr kerja uang kembali, produk yg dibeli ada gambar yg tdk sesuai gram kecil gambar besar, promo, dikirm produk sesuai keterangan produk.. pdhl bkn harga promo jika utk produk kecil.. parah ini pengecohan.. mencari kelengahan pembeli.. menghubungi customer care.. tdk ada solusi.. hanya standart.. sampai akhirnya menghubungi seller dan dibantu oleh seller.. lalu fungsi customer carenya.. apa coba.",1
lebaran 2026 paling parah pelayanan pengantaran sudah 1 minggu belum juga sampai,1
kecewa email promo dari blibli cuman scam,1
untuk aplikasi nya terasa agak lambat. alangkah baiknya bisa di perbaiki lagi. karna saya pengguna baru yg beralih dr ijo dan oren,4
bibli happy,4
"ongkir nya mahal sekali, dan berlipat dari hrg normal",2
💖💖💖💖,5
gausah kbanyakan ngiklan fi apk gjls..mending pengitiman fpercepat..yg skrg lmbt bgt,1
"costumer service nya jelek banget, nunggu antrian nya lama bnget, pelayanannya jelek banget lw urusan komplen ga seperi apk lain fast respon",2
"Mulai hari ini tanggal 12 maret 2026, saya sudah mengunistall apk tersebut.",2
sangat bagus,5
"pembayaran mudah, cuma jarang ada gratis ongkir & voucher diskon",5
"pelayanan tidak bagus, baru 1x order lansung kena batal karna toko ga dikirim sampe waktu yang di tentukan, skarang pengembalian dana aja dari tgl 7 maret sampe skarang 12 maret belom balik juga uang sana di saldo blibli nya, saran saya jangan belanja di sini pelayanan nya tidak bagus hubungi cs lewat chat aplikasi nya udah nunggu lama berjam-jam tinggal dikit lagi antrian nya tiba-tiba eror lansung kluar. lebih baik jangan belanja disini kalau ga mau ribet dan lama smua prosesnya disini.",1
kalau bisa blibli kasih fitur sembunyikan pesanan donk .. soal kita terkadang butuh privasi untuk pesanan pesanan tertentu .. makasih ..,4
sangat rekomendasi good job,5
sangat membantu,5
Mantabsss,5
lebih mudah dan terpercaya,4
mantaf n cepet,5
halo. kok saya ga bisa main blibli arcade ya? pdhl udh buat transaksi lebih dri 50rb di blibli,4
bagus,5
sangat suka blibil,5
keren banget banyak diskon nya ...,5
"kenapa pengembalian uang refund yg dibatalkan toko sangat lama,gk kayak toko sebelah proses sangat cepat",3
TERBAIK,5
"bagus app nya bisa tukar reward bca, pakai blibli",5
Barangnya ORI harga dikit lebih murah & byk promo,5
aplikasi penyedot dana,1
mantaffff,5
"cukup membantu saat membeli keperluan rumah tangga, apalagi saat hujan",5
"aplikasi jelek... tolong kembalikan uang saya!! saya sudah melakukan pesanan, tapi barang tidak pernah sampai. uang pun raib!!! saya sudah coba lakukan komplain, susah nya minta ampun. lewat email di arahkan ke chat wa bisnis, wa bisnis jawaban nya itu itu aja chat mesin. lewat aplikasi pun sama busuknya!! estimasi waktu sampai ratusan menit harus nunggu. para korban lain harus bikin laporan atas aplikasi kurang ajar ini!!",1
APLIKASI JELEK SCAM GA BERGUNA MESAN PAKET SUDAH 3 HARI MASIH PROSES DI CHAT SALLER DAN COSTUMER CARE NYA MALAH GANGGUAN SISTEM! GAUSH BELANJA DI APLIKASI INI MERUGIKAN . MANA PESANAN GABISA DI CANCEL SISTEM NYA JELEK LAGI!!!! APLIKASI BURUK UNTUK BELANJA!,1
Proses cepat dan mudah,5
mantap,5
Ayolah kapan bakar duit?...,5
"refund nya lama bgt, chat cs pun lama antri nya",1
"aplikasi tidak rekomend. kalo ada kendala chat CS sangat susah antrian bisa ampe 1000, proses refund dana aja lama. 😮‍💨",1
"Aplikasi marketplace terjelekkkkkkkk.....sangatttttt kecewaaaa barang flashsale selalu bohong.... pembatalan sepihak uang reffun sangat lama di kembalikan padahal yg batalin pihak pedagang.....belajar lagi dari tiktok,and shopee mereka sangat melindungi pembeli dan komplennya juga mudah .....sedangkan blibli care harus nungggu antrean yg hampir seribu selalu habis sesi waktunya......hahhhhhhh sangattttt mengecewakan!!!!!!",1
Tidak ada fitur pencarian produk yang sesuai dengan voucher diskon cashback jadi kesulitan menggunakan vouchernya . Dan pasti kena blokir kalo terlalu lama memilih produk yang sesuai dengan voucher diskon cashback.,2
"sudah belanja tapi poin tidak masuk, tidak ada pemberitahuan dari toko soal mekanisme poin,customer service hanya kasih jawaban template,tidak punya solusi,sudah merugikan customer. kapok beli di Blibli.",1
terlalu lama pegambalian dana saya beda dengan yang hitam atau yang Oren cepat kalo.soal.pemgambalian nyaa tolong secepatnya masa tunggu 5 hari atau 10hari,1
good mantap,5
klo dapet flash sale bakal dibatalkan sistem..uang direfund tp nunggu 2-3 hari,1
blibli emang keren,5
aplikasi ga jelas beli celana pakek paylater indodana baru juga daftar indodana langsung di block ga jelas,1
BUMDjarum apa yg diragukan,5
bagus byr jg BS pake cicilan,5
mantap lah blibli . top,5
"aplikasi nya bagus. tapi kurir nya pada buruk. paket gua di gelap kan jir. gak punya perasaan banget. dikira nyari duit gampang segampang metik daun,",5
susah bgt hubungin blibli care no antrian g masuk akal.,1
oce,5
senang menggunakan blibli,5
ok gan,5
very best,5
nice n goodjob tq,5
terbaik,5
blibli paylater tidak bisa digunakan,1
bagus banget,5
tanpa di undi jadi sesuai keberkahan,5
tingkatkan lagi promo gratis ongkos dan cashback agar growth seperti chopee,5
"Keren, Mudah di gunakan, barang original, kalo bisa tambahin lagi seller2 besar nya",5
sangat mudah dan terpercaya,5
parah ke custamerr care lamaaa bangeeeeettttttt,2
mudah di pahami,5
mantap,5
"aplikasinya terasa berat, tidak bisa mulus pindah2 halaman. selalu loading muter2. padahal di sopi dan Toped lancar2 aja.",3
Sangat membantu buat usaha,5
"awalnya saya kasih bintang 5, tapi ketika 2x saya melakukan pemesanan dengan pengiriman sameday selalu telat dari yg seharusnya & pesanan tidak bisa dibatalkan, maka bintang 5 saya ganti bintang 3.",3
"aku saya terblokir dan tidak tau bagaimana cara lapor nya. padahal ramadhan ini banyak promo n byk yg mau di order. dan mau ganti no hp yg di akun bgmn caranya Krn no yg lama tidak aktif lagi, pin Blibli pun saya sudah lupa. apabila kita klik lupa pin maka SMS masuk ke no yg terdaftar di Blibli, tapi no nya udah tidak aktif lagi.mohon bantuan nya🙏🙏🙏",3
"penanganan blibli care sangat sangat buruk saya pesan HP via instant ga di cantumin no telp saya nya gmna kurir bisa komunikasi dgn yg punya paket kalau gtu....kira saya ini salah toko nya ech trnyata kta pihak toko no telp sy nya di sensor pihak blibli maka dr itu ga dicantumin di paket nya, kn marketplace yg aneh justru no telp itu penting tuk komunikasi hasil nya tuch paket di bawa ke toko lg dan...udh 3hr status pengiriman ga berubah masih mencari kurir n ga ada solusi yg trselesaikn",1
banyakin promonya nmbh keceee,5
bagussss,5
"aplikasi bobrok banget skrg , saya pesen pake kurir yg dua jam, dari kemarin sampai skrg ga dikirim kirim , mending balik lagi ke aplikasi Orange, payah blibliah , aplikasi teeeerrribeeettt",1
"Gimana sih, produk sudah di bayar tapi nggak dikirm dengan berbagai alasan, terus uang yang saya bayarkan gimana ?",1
"bli bli, bikin pengen belanja lagi belanja lagi",5
"enak si blanja di dsni gk ribet harus verifikasi ini itu lah ribet kyk mau beli nuklir aja, cuma mau beli barang di web doang, pengiriman cepet jga gk nunggu tanggal estimasi udh sampe",5
Mantappppp bosku lanjutkan bosku..... 👍🏼👍🏼👍🏼👍🏼👍🏼,5
Aplikasi Nya Buruk GK jelas,1
"mantap,",5
lemot,1
jos,5
"mau Login aja susah banget , padahal nomor bener , email bener dikirim otp berkali2 ke email sama wa , ttp aja ga bisa log in. padahal gw mau belanja , hadeh",1
"kasih 2 dulu karna tidak pernah di acc ,padahal tidak ada data cacat .",2
kebanyakan spam email dan whats app. padahal pas login di awal bilangnya ngga akan spam. demi apapun ngganggu bgt,1
aplikasi ga rekomendasi bgt buat check out online,1
gabisa login,1
"Kenapa setiap mau daftar tuh susah bgt, heran. pdhl jaringan lancar. sedih bgt",2
chat cs tau-tau di-akhiri padahl lagi ngetik dan gak idle. kesel banget jdi ngulang lagi ngantrinya,1
"mau nanya expired produk yg mau dibeli tapi nunggu antrian 80 menit baru bisa terhubung dgn customer care, sumpahhhh masa aplikasinya gini banget.. minimal bisa leave massage terhubung ke seller yg fast respon.. yg awalnya niat beli akhirnya ga jadi krn masalah kayak gini, akhirnya lebih memilih belanja di e-commerce lain yg langsung bisa terhubung ke seller jadi lebih satset",1
"Sarana chat itu seharusnya untuk komunikasi antara penjual dan pembeli bukan untuk promosi dan pesan chat seharusnya bisa dihapus tidak seperti sekarang tidak bisa dihapus, isinya promosi begitu ada yg urgent jadi tidak terbaca. Seharusnya pesan penting dipisahkan. Biaya ongkir lebih mahal 10-20% dari harga yang tertera di web jasa pengiriman. Obat resep apotek resmi pada di take down. jadi tidak ada yg menarik di blibli . blibli juga paling ngespam di email, sebar voucher² receh tidak menarik.",2
good,5
"Aplikasi yang mendukung scam. ketika penjual produk digital tidak mengirimkan produk ke pembeli, hanya disuruh lapor polisi. Platform lepas tangan.",1
sangat membantu sekali apkikasi ini,5
"Pemnayaran berhasil tapi transaksi dibatalkan, dan dana tidak dikembalikan. Chat CS nya susahnya minta ampun. Aplikasi penipu.",1
good,5
kerennnn,5
lancar prosesnya di android,5
oke,5
sejauh ini masih okee sih Blibli untuk beli barang2 elektronik,5
"ga rekomen kalo pake kurir di luar blitz, bisa 3 hari baru dapet driver instan. kecewa",1
good,5
"Notifikasi aplikasinya berisik, muncul mulu",2
mantul kali,5
Mantapp,5
mantap jiwa,5
Blibli semakin terdepan✌✌✌,5
Mantab,5
"ok, ringkas dan dipercaya",5
mantap😍,5
memungkinkan,5
very usefull....good app,5
br pertama kali ajukan spaylater blibli data sudah lengkap dan di kasih limit 1.500.000 pas pakai sekali itu pun saya bayar lunas belum 30 hari.eh ternyata spaylater blibli tiba2 di tanggung kan.gak masuk akal chat sama cs nya katanya data kurang.gak masuk akal data kurang.kalau data kurang kenapa saya bisa pakai spaylater blibli?kan gak masuk akal saya bukan hy pakai spaylater blibli saya juga pakai spaylater yg lain.yg lain gak begitu hy spaylater blibli yg asal2 tanggungkan spaylater konsumen,1
"bayar terus kok, ditanggukan",1
bagus,5
bnyk bonus,5
ok,5
gajelas beli e-money aja dari tanggal 28 sampai skrng belum masuk masuk,1
"ga lengkap, kurang seru produknya, harga pun mahal, 🗿",1
"cepat, akurat mudah2an amanah",5
Mudah belanjanya,5
"ada sedikit yg kurang nyaman, sulit ganti nomer hp, tapi email masih tetap.. Hanya perlu tambahkan info nomer HP baru dikolom alamat akun dan kurir pengantarnya.",5
praktis tenkyu Blibli...,5
sepertinya Bagus semoga semakin banyak promonya,4
oke,5
mantap promosi,5
very good processing,5
"ini gimana ka saya mau transaksi sekalian mau di tukar koinnya tapi pas mau bayar pake gopay ga bisa, saldo tidak cukup udah jelas-jelas saldonya cukup kan aneh gimana ini, tolong di perbaiki lagi nanti kasih bintang 5",2
belanja mudah dan menyenangkan,5
bagus pokoknya.puas,5
"aplikasi sampah.. baru didownload malah ga bs dibuka server dalam perbaikan,. !! sekelas blibli yg uda termasuk pemain lama tp kualitasnya kek gini",1
tul mantul,5
sangat bagus bagus,5
"sungguh mengecewakan, untuk pembelian produk Huawei ada promo bliblicare+ 6 bulannya ternyat tidak dapat otomatis. saat ingin mencentang ada kesalahan sistem. udah melapor ke bliblicare juga tidak mendapat solusi.",1
"bagus sekali, refund pun cepat",5
mantap,5
mantap luar biasa,5
gak pake aplikasi ini gimana caranyo ngeblok aplikasi blibli,1
simpel dan banyak promo,5
"Saya suka..saya suka..packing rapih,, cepat sampai,, dan free ongkir..",5
menyelesaikan masalah tanpa masalah,5
terbaik,5
pasti ori,5
mantep promo sam cash back nya mantul banget banyak banget,5
"blibli mantap, banyak barang dengan brand kualitas tinggi",5
BliBli Terbaik,5
"Loading dan aksesnya cepat, tapi tampilan terlalu meriah",4
"pengiriman cepet, pengemasan juga rapi",5
sayang banget aplikasi yang satu ini payleter baru dipakai satu kali langsungg ditangguhkan kecewa banget,3
steady,4
gud,5
membantu,5
"Proses pembatalan sulit. Padahal pesanan masih di proses. Sudah menghubungi bliblicare , diterima oleh Satya. Tetap tidak ada solusinya. Kalau begini bagaimana bisa bersaing dengan Shopee dan Tokopedia. Terimakasih.",1
keren sih aplikasi blibli skrg,5
"mantap, banyakin lagi promo dan metode pembayarannya",5
🥰🥰🥰,5
tetap dipertahankan👍👍,5
pertahankan kualitas jual barang original.,5
tempat belanja terbaik,5
mencari kebutuhan yg mudah dan banyak pilihan nya tentu di blibli,5
mantap,5
okeys guysss,5
sangat baik,5
mantap ongkos kirim nya sangat gratis dan biaya belanjaan hemat,5
Mantap betul 👍,5
bagus,5
"mangtabs,banyak promo menarik.... good job",5
good,4
proses cepat,4
Bagus,5
"Gajelas banget katanya pengiriman lebih dari 5 hari diskon apaan mesen tgl 16 feb tgl 21 masih siap kirim Mulu,,,alesan kurir tidak ada tidak di ambil bencana alam FM segala ahh pusing mau refund nggak bisa",2
berkali2 blanja disini pembayaran cash/tf . saat ajukan paylater ditolak . aplikasi blanja gak berkualitas . cuma cari untung gak ada timbal balik ke pembeli . auto pindah blanja ke sebelah ...,2
refund pembelian saya sampai saat ini blm masuk ke saldo,1
gampang tidak ribet,5
good choice for good price,5
"tiap mau check out nambah barang selalu eror, aplikasinya kacau, niat mau belanja malah mau nyobain, ehh apk nya bermasalah",1
ok,5
ok,5
mantull,5
Mantul,5
Kerennn.... 🥰🙏🙏🙏✅,5
semoga dimudahkan,5
kacau nih apk belnja lunas barang lama di anter,1
"belanja mudah dan aman, banyak promo dan diskon untuk produk2 terbaik. rekomendasi banget",5
Oke,5
mantap betul,5
mantap dpt cashbacknya sayangnya tidak semua toko bisa gratis ongkir 😁,5
ini kenapa saya sudah menambahkan detail kecil alamat yg tepat tetapi pada saat dikirimkan alamat yg ada di paket tidak mencantumkan detail kecil tersebut yg membuat kurir hampir salah rumah,2
Barang dijamin original,5
bagus,5
mantabbbb,5
"gabisa di buka, aneh banget",1
Best..,4
"Minta update, m-mulu HBSin kuota.. otw hapus atuh•!🙏🥺",1
mudah dan cepat layanan nya,5
Aplikasi Belanja Online yg bagus,5
apknya mantap banyak promonya,5
seru bgt blnjanya,5
harus lebih banyak diskon yahhh.. biar makin semangat belanja online nya,4
mantap,5
mantulll...,5
ok,5
sangat membantu dan respon cepat,5
Bagus...,5
mendukung bangetttt promo diskon dan casback nya...,5
cepat sangat cepat.... mantap,5
sangat membantu kebutuhan setiap hari,5
respon lambat proses lambat pelayanan serba lemot susah maju ini apk,1
saya mau masuk ada tulisan mendeteksi aktivitas gak wajar,1
bangke lah sekarang. barang ga terkirim. chat sama cs pake antrian bpjs. lama banget,1
"pengiriman cepat, barang dijamin ori, packingnya rapi bgd pokoknya, selalu puas pesan di sini, dapet cashback pulak, Terima kasih blibli 🙏💕",5
apk koplok banyak error sistem adh lawak bener cuman mau ngubah alamat aja pake kejalan error sistem lawak pisan,1
mantap,3
mantap,5
"retur selesai tgl 28 Januari, sampai tgl 12 februari.... dana refund tidak jg kembali. menghubungi Blibli care cuma suruh sabar nunggu antrian 🤮",2
oke,5
cepat dan sesuai,5
terima kasih sudah sangat sangat membantu dan meringankan,5
"kaga ada opsi buat ganti kurir, seller juga maksa buat jangan pake kurir id express, padahal opsi nya emang gada dari blibli nya. gua saranin buat blibli adain opsi pilih kurir.",1
aplikasi sangat jelek,1
"Dari dulu mau jualan di Aplikasi ini, tapi rempongnya luas biasa. Mending Focus di toko oren dan Tt.... dari pd pusing dan bingung",2
"senang sekali berbelanja disini, banyak promo murah",5
masih ada beberapa fitur agak sulit,4
tidak pernah terlambat bayar tagihan paylater dan sekarang sudah lunas pembayaran tapi limit Masi di tanggukan ok fix aplikasi saya uninstall yah tidak ada penagihan lagi karena paylater saya sudah lunas🙏,1
mantap,5
mantappp,5
"1 kata buat aplikasi ini, GAJELAS gak pernah transaksi apa2 disini punya akun cuma buat bandingin harga aja tapi tiba2 kartu kredit kena scam dari aplikasi ini dengan akun atas nama orang lain proses refund? jangan tanya, belum ada sama sekali sampe sekarang sudah rugi waktu dan tenaga complain ke cs tapi gak ada hasil sama sekali jangankan dapet compliment atau apa karena prosesnya lama yang diterima cuma suruh nunggu gatau sampe kapan GAJELAS!!!",1
Tidak bisa login pake Facebook 😭,5
selalu cepat respon,5
"pengirimannya lumayan lama, tapi packing dan produknya mulus, kurir blibli ramah pol, barang barangnya kurang lengkap dan harganya lumayan lebih mahal",5
"jelek banget pembatalan dr seleruang saya dibalikin berupa voucher, saya mau kamu balikin duit saya, parah",1
"Aplikasi aneh jarang bisa di akses jika menggunakan wifi atau hostpot. wajib menggunakan data seluler, jika tidak maka akan muncul ket. KAMI MENDETEKSI AKTIFITAS TIDAK BIASA PADA AKUN ANDA. dasar aneh semakin update semakin edan",4
mantap,5
"sangat buruk saat mengisi data area untuk lokasi sangat membingungkan, waktu di cari daerah/tempat yang tersedia hanya daerah JAWA",1
keren barangnya ori dan murah,5
sangat QUICK RESPON 👍👍👍👍,5
Unduh Gratis blibli: belanja Mode Fitur lnti: Bliblimart tagihan Gadment & elektronik Fitur yang akan diisi penuh: Carian utama,5
sangat membantu,5
Mantap betul,5
"Customer care lama respons. Ada masalah jelas2 salah seller masih dibela & barang masih dikirim. Jelas2 dh dijelasin pengiriman sameday eh katanya besok. Dh dikonfirmasi gak ada orang aplikasi tetap menyarankan dikirim. Hadeeeehhh.... Otw lapor ke lembaga konsumen indonesia & Kepolisian. Auto uninstall & rekomendasikan all keluarga, friend & teman kantor autoinstall. Mengecewakan",2
server sering gangguan atau tiba tiba ada maintenance 😑,3
good,5
"saya mau checkout tp knp kendalanya selalu di alamat ya? pdhl alamat yg saya pilih sudah diisi dengan benar dan sudah sesuai tp kenapa ada tulisan muncul ""cek kembali alamat"" jd akhirnya gabisa checkout. udah chat ke CS diarahin buat logout login sudah saya lakukan tp tetep begitu.",2
mantap tpi slalu ad ongkir,5
ori berkualitas gk kaleng 2x produk yg masuk di penjualan blinli,5
Blibli solusi dari aplikasi yang lain 👍,5
"mau belanja, tapi barang tidak lengkap seperti shopee... blibli tidak ada penjualnya, atau sellernya sedikit...",1
👍,5
bagis,5
blibli terbaik,5
seneng dapet voucher,5
kenapa paylater saya di tangguhkan ya.?padahal sya gk punya tunggakn disini,2
"keren blibli, ayo lanjutkan biar orang² beralih menggunakan aplikasi blibli",5
mantap blibli,5
blibli membantu penipuan padahal ga transaksi sama sekali ga beli emas di blibli tapi bisa kebobolan bahkan akun pertama ga terverifikasi dan ga dikirim kode voucher nya saya punya bukti dr situ keluhan ditangani lambat berlarut larut sampe sore dari pengajuan .. enak ya semakin banyak penipuan yg berhasil padahal udah minta tolong dengan memberikan banyak bukti dasar pembohong,1
Alhamdulillah bagus,5
alternatif terbaik Tokopedia yang udah diakuisisi tiktok,5
pengembalian dana menunggu sampai 10 hari kerja hahahahahah.setelah itu aku mau uninstal.cepetan kembalikan saldo dana dong.aku mau uninstal aplikasi blibli,1
sangata memudhakna untuk belanja dirumah banyak diskon pengiriman cepaat,5
"I can't log in, how do I do it?",1
semoga pengajuan playlater ku di proses dengan lancar,5
bintang yg bicara,5
sangat bagus,5
JOSSS GANDOOSSSS,5
"buat blibli coba dong opsi jasa pengiriman nya kita yang milih kaya aplikasi oren jgn ditentuin otomatis gitu , ditambah kalo gratis ongkir misal 2toko ongkirnya malah jadi ga gratis gara2 dibagi2 gitu . ga kaya sebelah mau co beda toko 3 sekaligus tetep gratis ongkir full Rp.0 . masukan aja biar lebih banyak peminatnya .",3
notif nya berisik gk jelas,1
JIKA SAYA BISA MEMINTA TIDAK ADA PENILAIAN BINTANG .. LEBIH BAIK TIDAK .. TP KARENA MEMANG HARUS .. BAIK SAYA KASIH SATU.. SAMA HALNYA DGN PENGAJUAN SAYA SELALU DI TOLAK .. MASA 1 SAJA TIDAK BISA MEMBANTU.. TP IKLANNYA BAGUS .. PADAHAL NILAI KRIDIT SAYA BAGUS ..TP TIDAK ADA SOLUSI ... SKRG AKUN SAYA DIBLOKIT KARENA BERULANG KALI PEMBATALAN. ITU KARENA RASA KECEWA .. 1 HAL SAJA TIDAK DI PERTIMBANGKAN. TRMKSH,1
"blibli care lama amat responnya 33 menit loading kaga, gak guna amat",2
thats simple,5
baru juga mau dftar udh d tolak,1
"sumpah ini platform ecommerce gk rekomendasi. chat cs susah, pembatalan karena salah alamat susah",1
oke banget,5
bagus,1
"tempat blanja online terbaik buat yg nyari barang"" ORI 👍",5
Blibli sangat murah meriah,5
Blibli Keren dan fash Delivery,5
"2 kelemahan Blibli. 1- gratis ongkir 100% (Rp.0) cuma berlaku jika belanja di 1 seller. Saat belanja di beberapa seller, voucher gratis ongkir itu dibagi (jika ongkir melewati batas voucher maka sisa ongkir dikenakan). Di e-commerce belanja di banyak seller pun bisa ongkir Rp.0 | 2- Poin dari review akan diterima JIKA harga barang min 50K, jadi barang2 dibawah 50K ga akan dapat poin review. *GA PERLU minta saya hubungi CS via apapun, keluhan saya diatas HARUSNYA sudah sangat jelas.",2
bagus,5
"enak ,,kalau bisa pay later,,belanja lebih terjadwal, pertahankan ya, kualitas nya",5
"respon lambat banget, bliblicare harus nunggu 34 menit 4 detik, kaya bikin ktp njir, terus bliblicare ngarahin suruh pake kode voucher seller buat ganti barang malah ngga bisa di pake, ditambah baru sekali pake paylater udah langsung di tangguhkan, ni apk mau nipu apa gimana sih",1
puas belanja d sini,4
Mantappp betulllll👍👍👍👍👍,5
keren,5
"poin tiba"" hilang.ud jelas,,akan exp 6 februari,,masih januari,,tiba"" ud gak ada.90ribu sekian poin tiba"" gak ada.gila aja.kecewa abis.hapus aja dah nih aplikasi.",1
mantab betul,5
just clear cache n clean the phone i used again later tks,5
Sangat bagus!,5
"males nya blibi ribet & sangat susah buat urusan financial...,ga kaya e comerece yg lain 🤣🤣🤣",1
banyak bug,1
good nice,5
"bagus,barang nya ORI ORI,tidak ada barang kw bertebaran kayak di apk Oren,terpercaya",5
top bgt,5
pengirimanya lelet klo pake JNE.,1
aplikasi erorrrr,1
nice,5
"Tampilan paling jelek selama hidupnya Blibli. Terutama halaman flash sale. Tiap klik suatu produk, dan back maka akan kembali ke awal.. sungguh menyebalkan. Kalo ada bintang minus sy kasih minus dulu dech...",1
"deskripsi barang nya kurang lengkap, foto deskripsi cuma 3 buah foto, tdk menggambarkan keseluruhan dan kualitas produk ,ditingkatkan lagi agar menjadi bintang 5",2
beli plz kna biaya platform KLH jauh Ama aplikasi lain,1
nice,5
apakah aplikasi ini menyediakan sistem COD ?,2
baru coba belanja langsung di batalkan.jadi kayak kurang percaya.,1
berisik,1
"hai kak,mau tanya EMG kl mau byr cicilan blibli hrs pakek buka dlu apknya ya,kl kita udah tau kodenya trs langsung byr emg selalu gagal?",3
mantap,5
agak lumayan baik sistemnya,4
"Blibli mudah digunakan, barang orisinal dan terpercaya!",5
mudah belanja di Blibli dan harga nya murah terimakasih Blibli,5
ok,5
bagus,5
mantap lah,5
puas,5
keren dan mudah digunakan,5
pengajuan paylater di blibli blm di setujui..dan menunggu bulan berikutnya saya mohon data saya di hps dan apa bila di kemudian hari ada yg mengatasnamakan saya..saya tidak bertanggung jawab dan saya uninstal,2
"Jangan belanja di blibli, sumpah e-commerce paling ribet, proses refund ribet lambat, tokonya juga maen tahan tahan saldo kita",1
"sangat bagus secara ui, tidak terasa berat seperti aplikasi ijo. terimakasih",5
"sangat membantu, semoga kedepannya lbh baik dan lebih inovatif. mksh Blibli",5
mantap,5
"sebagian koin, masa berlaku nya hanya 1 (satu) bulan..",3
bagus banget,5
cukup baik,4
"NYOBA DOWNLOAD BLIBLI TAPI KURANG MENARIK .TIDAK ADA CICILAN 0% ,NGGAK KAYA TOKO OREN TENOR 6 BULAN MASIH DAPAT CICILAN 0% DI BLIBLI KENA BUNGA LUMAYAN😅, UN INSTAL LAGI",2
luar biasa blibli ok bangett,5
apk ga jelas ga bisa refund,1
baik,5
"Sip, sesi perdana pindah platform belanja Online, semoga lebih aman dari platform tetangga",5
3 aja dulu soalnya pengguna baru,3
program ini Alhamdulillah sangat bermanfaat bagi pencari nafkah/pebisnis online dsb dgn baik dan benar,5
Alhamdulillah bagus aman simple dan praktis,5
baik,5
semoga selalu banyak promo jadi lebih senang belanja disini . makasih,5
"udah 5 hari jelesan barang retur dari pihak seller yang tidak koperatif tapi masih saja di bela ama pihak bli"", sampai kapan itu dana di tahan kekurangan duit apa pihak bli"", yang punya saham di bli""mending tarik aja sangat jelek",1
"aplikasi bagus banyak promo di iklannya. tp saya uninstall ya. saya belum pernah ada transaksi di blibli, nah pas mau mencoba transaksi tapi TIDAK BISA. TRANSAKSI SAYA BATALKAN. SAYA TIDAK PERNAH ADA TRANSAKSI APAPUN. Jadi per tanggal 25 Januari 2026 aplikasi blibli sudah saya UNINSTAL. Jika ada apa apa atau ada yg menyalahkan gunakan data saya, saya tidak mau bertanggung jawab. trimakasih",5
Mudah digunakan dan tidak ribet,5
oks,5
sangat membantu,5
mantap,5
good,5
pesanan di batalkan .. voucher gratis ongkir gak balik lagi ... kecewa ..,2
"ternyata benar, pembelian pertamaku bermasalah.... paket nya tidak nyampe nyampe...... mungkin ini menjadi pembelian terakhirku di aplikasi ini....",1
semoga blibli kedepanya nambahin fitur uploud video buat affiliate 🙏🙏,5
good apps,5
"""belum bisa akses halaman ini"". padahal mau nyoba. eh first impression yang buruk.",1
sampai saat ini saya senang semoga saya dapat mengikuti langkah selanjutnya,5
sekarang pelit voucher untuk tagihan listrik dll,1
selama ini yang saya tahu bli bli selalu menjaga nama baik....saya mulai kurang percaya dengan apk ini....saya pesan barang tanggal 22 Januari di beranda tertulis di jamin tiba tanggal 24 s/d 26 Januari.....tapi sampai saat ini status masih proses.....dan saya cek di bli bli care pesanan baru akan di kemas tanggal 26 Januari....saya kecewa...sedangkan barang yang saya pesan sangat saya butuh kan.....jadi ga respect....,2
Maaf ya baru coba ini ntar kalo udah siip lagi ane tambahin dah bintangnya,5
"susah sekali mau login. keluar aplikasi blibli karena mau lihat kode di email, eh pas balik ke blibli mau ketik kodenya malah tampilanya ngulang login dari awal.",3
like,5
Belum pengalaman,5
mantap,5
"kenapa aplikasi tiba tiba keluar, login lagi gak bisa bisa. haduhhhh",1
sangat mudah buat transaksi dan banyak vocer pilihannya🫰🏻🥰🥰,5
mntap,3
lenngkap,4
ok baik,5
top banget blibli,5
rekomended,5
ok,5
mantaabb,5
"UI/UX Nya paling top di antara semua, bisa QRIS itu letak asik nya, semua nya oke gaada keluhan apapun, cuman 1 yang di sayangkan, kurang voucer gratis ongkir, masih kalah dengan sho*pee, overall oke cuman itu yg saya harap ada perbaikan.",4
"belanja di blibli knp ya, klo mw cod justru ongkirnya bhknn bisa lebih mahal dr harga brgnya?",1
keren,5
"pengguna baru udah dikasih, ""Gagal menyimpan alamat. Coba lagi, ya.""",1
"Aplikasi tolol,, ga bisa diakses,,keterangan transaksi mencurigakan,, dasar bego Dikomplen udah seminggu ga mampu menyelesaikan",1
terbaik,5
top blibli,5
"Barang Yang disediakan BliBli tidak terlalu lengkap, terutama daerah Kota Bekasi tidak seperti dulu, peringkat saya turun dari diamond ke gold dan kecewanya lagi pengguna kartu kredit BCA blibli bonus menjadi point bukan cashback..",2
Aplikasi OLshop yg anti mainstream...,5
keren,5
Blibli kurang komplit produk nya,1
bagus dan luar biasa,5
"aplikasi jelek, buka chat ga bisa. mana udah CO akun netflix penjualnya ga bisa dihubungi. mau return juga ga bisa",1
mantab betul,5
mantap,5
aplikasi marketplace apa ini.. mau login aja susah harus pakai email sama HP.. udah masukin keduanya tetap ngga bisa masuk.. gimana mau bersaing marketplace abal abal kaya gini.. mempersulit pengguna..,1
"ok,,,",5
jos,5
"Bug nya perbaiki dong. Saya selalu search barang2 sering muncul coba lagi, terkadang tidak bisa dibuka, harus buka ulang dulu apk nya biar bisa dibuka",3
Baik,5
"bagus aplikasinya, recomended",5
"Mau nanya solusi pesanan dengan ngechat admin yang ada di Blibli juga selalu lambat,lemot,lelet, error dan ngelag, payah banget ini aplikasi.",1
"jangan belanja pakai bli2 online. aplilasi loading, seller kebanyakan penipu,. saya barusan ketipu. order poco F7pro, yg dateng X7 pro. selisih 2 juta harga Henphone. yg saya bayar harga 7.5. yg dateng harga 5juta. sangat di sayangkan.",1
good,5
Best,5
bnykin promonya,5
"masukan buat bli bli, barang tidak selengkap kompetitor, banyak barang di cari disini gak ada, padahal di kompetitor banyak baik ijo maupun orange, biaya ongkir muahal, tidak selalu gratis ongkir, belum lagi, brang yang sama di kompetitor bisa lebih murah 20-30% bisa lebih kadang2, pengiriman kdang normal kdang lama, fitur masih kalah jaih sama kompetitor.. dan seperti tidak ada perbaikan, kalau gini2 trus lama2 bisa kyk buka lapak,",1
Bagus sekali,5
baru pertama kali..langsung .masukk..mantap,5
good mantap lah 🥰🥰🥰🥰,5
"Saya daftar paylater sudah 2x di blibli selalu di tolak payah, ini aplikaai gak recomend payah.",2
Masi ada penjual streaming bodong,1
mantap,5
"aplikasi lemott refund barang saya gak balik2 padah udah seminggu lebih, saya beli barang 23k, dan katanya stoknya habis, setelah saya tunggu seminggu lebih gak balik2 uangnya, aplikasi gak jelass",1
Makasih Bs🏆 banyak yah,5
mudah dan jelas intruksinya,5
mantap,5
Cepat responnya,5
mantap,5
Mantappp. 👍👍👍👍👍,5
Semoga barang yang dibeli terbaik/ORI Bayar COD,5
mudah dan simpel,5
"saat saya membuat pin bliblipay refund saat kode otp di kirim tidak ada sms masuk padahal nomor sudah pas, saya coba lagi ada pesan server sedang bermasalah silahkan chat customer care saat saya hubungi ada pesan wah kamu salah jalan saya chat wa malah Ai yang jawab saya kirim ke email malah belum ada balasan dan saldo refund saya malah gak bisa saya gunakan",1
Sangat membantu dalam memenuhi kebutuhan rumah tangga,5
mantap,5
top,5
"Aneh gw pesan kalkulator dengan voucher gratis ongkir, pas udah pesan dan bayar malah gagal, tapi voucher gratis ongkir nya udah gak bisa digunakan lagi. Kecewa berat padahal butuh banget buat ujian.",1
bismillah,5
belanja hemat tanpa drama,5
aplikasi sampah,1
keren,5
semoga sesuai dengan pesanan,5
harga produk nya mahal mahal banget dan juga ongkosnya mahal banget,1
"untuk produk dibli bli harus dibuat informasi produk baru atau second, sehingga pelanggan mengetahui kondisi barang",5
sangat membantu pembelanjaan,5
2017 pernah buat akun tpi ga kepake sekarang 2026 baru ke pake dan co barang pertama,5
"kenapa saya jadi ada tagihan Blibli di aplikasi BRI ceria, padahal tidak ada riwayat pembelian atau pinjaman si aplikasi Blibli",1
good,5
belanja hemat dan ga ribed,5
semoga amanah....baru coba,5
"PERUSAHAAN LEMOT. Transaksi gagal kesalahan dari perusahaan Blibli nya, dana refund harus nunggu lama.",1
sayah sering belanja disinih baru kali ini sayah mau nyobaian payleter ehh baru juga pengajuan payleter udh di tolak 😅 padahal sayah belum mempunyai payleter dimana pun. awas yah data sayah jaga baik2. sayah blum pernah kredit barang apa2 di blibli terimakasih 🙏 kembali ke Shopee lagi yg lebih amanah,1
toooooooppppppp,5
ok,4
okay,5
mantap,5
"ini knp aplikasi blibli selalu error ya? tampilan halamannya jg cuma stgh, nama sy muncul tp ga bs klik apapun semua error. udh sy delete dan install ulang bisa dipake sehari. bsknya buka lg eror lg dst. mosok sy hrs selalu delete dan install ulang trs tiap x mau pakai??",2
Ok banget,5
"KALIAN HARUS TAU, BLI BLI ITU BARANG NYA SELALU ASLI GA KW AKSKDHSJAKSJSB",5
Good,5
mantap,5
Bagus,5
mantap no ribet2,5
aplikasi kebanyakan erornya,2
Mantap,5
utk menghargai,5
mudah d gunakan,5
proses transaksi mudah... pengalaman pertama belanja pakai aplikasi Blibli.. semoga selalu lancar.,5
bagus semoga toko asli semua gak fake,5
pembayaran pesanan mudah,5
ok,5
Apl nya bagus dan semua barabg ori,4
pengajuan aja blm . udah di tolak aja. ga ngerasa kaliii anehh,3
semuanya masih ok . .,4
mantap jiwa,5
good,5
"kecewa dengan aplikasi Blibli, sya dpat hadiah dari gebyar BCA berupa logam mulia, tpi dari pihak Blibli nya membatalkan secara sepihak pengiriman hadiah itu, jelas tertulis ""seller tidak merespon pesanan"" tpi sya yg di salahin",1
mantap 👍,5
mantappp blibli memang oke banget dan terpercaya apalagi untuk barang-barang branded.,5
Mantaabbss Betullss,5
Ok,5
Ngeri ngeri dahsyat ni aplikasi.Waowww banget dah,5
mantap,5
klik klik klik clear Masya Allah tabbarakallah Alhamdulillah ya Allah ya Robbal Al Aamiin sukses ya bli bli mempermudah prosesnya sukses di udara air dan darat tentunya berkah dunia dan akhiratnya Aamiin,5
🌟5 biar naik keatas dan jaga selalu,5
"Ok banget, cepat, praktis. dan terpercaya",5
niku hrga pas,1
ok,5
"respon lama , barang jg gajelas udh sampe mana",1
Blibli ini cape k saya mendownload kamu juga yang punya kurang kan harga nya,3
"pesanan yg salah alamat tidak bisa di batalkan... dan tetap maksa di kirim... pelayanan tidak maksimal... marketplace yg seenak nya sendiri tidak mengedepankan konsumen,. yaa Blibli...",1
"PAKET ANDA HILANG ATAU DIRUGIKAN , SIAP SIAP ANDA TIDAK DAPAT MELAPOR DAN TIDAK ADA AKSES UNTUK MENGEMBALIKAN HAK ANDA KEMBALI!",1
Mantap👍🙂,5
aplikasi tidak dipercaya. banyak sekali toko2 penipuan di dalamnya,1
mudah pamai app nya,5
oksss,5
apknya ok banget,5
e-commerce yg sangat busuk karena sangat susah untuk akses dan login nya 👎👎👎 semakin maju teknologi bukannya semakin mudah malah ini semakin susah aksesnya,1
Makasih promonya 😍,5
bagus,5
mudah digunakan. harga kompetitif. voucher discount dan gratis ongkir.,5
min kenapa saya lakukan refund tapi dana saya belum di kembalikan,2
ribet login nya banyak amat persyaratanya sampai gagal terus terpaksa saya unistal,1
terimakasih dipermudah dgn Bli Bli,5
memudahkan segala keperluan,5
aplikasi tidak berguna. mahal pajaknya besar pengiriman lambat seller no respon CSnya juga gak profesional proses refund lambat dana refund menjadi voucher sangat tidak dianjurkan untuk pakai aplikasi ini.,1
KURIR BLI BLI EXPRESS NYA LAMAA BUAT MENGIRIM DI APLIKASI SEDANG DALAM PENGIRIMAN TERUS KURIRNYA GABISA NGELANJUTIN PENGIRIMAN NYA HASILNYA BESOKNYA JUGA SAMA SAJA TOLONG DONG KALO KASIH INFO SAMA MENGIRIM BARANG SESUAI SAMA YG DI JADWALKAN NYA ! DAN COSTUMER SERVICE NYA LAMAA BANGETT NGAJUIN KOMPLEN RIBET HUUFFFR KECEWA SAYA BELANJA DI APLIKASI INI SANGAT KECEWA BURUK SEKALI!,1
mudah dan cepat,5
"Barang sesuai deskripsi, pengiriman cepat, dan packing rapi. Penjual responsif dan terpercaya. Sangat puas belanja di Blibli, terima kasih!",5
jossss,5
good,5
aplikasi ini sangat membantu untuk bertransaksi beli di tempat,5
ok,5
Sejauh ini blibli paling top untuk packing paket di banding yang lain. semoga terus bertahan blibli. <3,5
no rekomended,1
ok,5
ok,5
anj doang lah,1
olshop tipu2 jelas2 voucher cashback uda tepasang. waktu pembayaran . mendadak ga ada jadi ga dapat cashback . kapok mengecewakan,1
nice,5
mantap,5
bagooosss😍,4
"Payleter susah ya udah di deL saja dulu,,,😁👍",1
"sebenarnya apk paling mudah tidak begitu ribet ya apk shopoo,,cuma payleter nya dengan Blibli sama susahnya deL sajah,,,😁👍",2
Mantap 👍,5
🤝,5
kren,5
sukaaaa,5
proses refund yang lambat,2
good,5
mantap lah,5
the best !,5
sangat puas,5
Please Blibli stop bermitra sama JNE. Kurir ini dari awal pake ga pernah bener. Kali ini paket tiba tiba dicancel pengiriman sepihak. Tanpa chat wa atau lainnya. JNE Stress.,1
enak dan praktis,3
"ok,sangat membantu",5
paket saya dibatalkan tapi saldo tidak kembali juga,1
"The problem was before it was settled and finished. I love shopping on this app. It's comfortable, calm, and satisfying.",5
best e-commerce,5
sedap betull,5
good,5
mantap,5
Sangat membantu buat beli barang,5
tidak ada penyelesaian,1
mantab 👍👍,5
"di Kabupaten Mandailing Natal, Kecamatan Ulupungkut tidak bisa membuat alamat secara detail. aplikasi blibli tidak bisa di gunakan untuk order langsung pesanan. khusus kota besar di dukungannya.",1
"Keren, banyak pilihan",5
cukup baik,4
"transaksi mudah, tinggal tunggu barang datang",5
nyesel download ini mau belanja rokok di ketik gak keluar iklan mah ada giliran di download di ketik gak keluar ampun,1
mantap jiwa,5
sangat amanah,5
min apk Blibli saya tidak bisa di buka,5
bagus,5
baru tau ni applikasi ternyata keren banget,5
nice,5
Bayar Tagihan Telkomsel Pasca Disk dari Bli bli Point Rp 27rban.,5
ok,5
sangat baguss,5
mantap,5
kemudahan penggunaan,5
ok,4
apk bodoh,1
banyakin promo nya,5
mantap ini aplikasinya sangat membantu untuk belajar kebutuhan yg kita inginkan,5
membantu,5
Ongkir mahal banget ga kek e-commerce oren,1
mantap pokoknya terbaiknya 👍👍👍🤩,5
bahasa arab untuk membuat Tek,5
Aplikasi bagus smoga tidak mengecewakan.,5
bagus.,5
mantab,5
kak bisa ga paket dibayar ditempat,5
"Belanja di Blibli banyak promonya, jadi hemat dan bisa belanja lebih banyak.",5
bagusss,5
"kapok pake blibli. bayar dah lunas, pake opsi click and collect. eh pas di ambil barangnya kosong. dana balik, kata orang toko balik ke rekening, eh ternyata ke bliblipay. ditarik ke rekening, eh makan waktu. ga rekomen banget deh, kapok. yang mau coba pake blibli coba dipikir² lagi deh.",1
kapokkk belanja di sini paket gua ilang ga tau kemana mending cod inimah udah di bayar ya ampun mending block aja nih apk belanja paling buruk ini. udah chat blibli care nya malah gua di mute gua ngadu ke siapa lagi coba ga ada tanggung jawabnya,1
Kalau Shoope gangguan bisa pakai Blibli,5
kami beri rating 4 bintang,4
Hallo owner Blibli. Saldo dana saya tiba tiba kesedot otomatis senilai Rp27.500 Tolong kembalikan/reffund saldo dana saya. saya tidak puas dengan layanan tersebut. Semoga dilihat dan di balas ulasan ini oleh owner tersebut. Terimakasih 🙏,1
aplikasi yang sangat baik dan membantu,5
tolong jangan pake JNE lemot,1
cocok,5
mantap,5
ok juga blibli,5
mudah fan mntap pokoknya sangat membantu kebutuhan ibu rumah tangga,4
"bagus, semoga bertahan",5
mantap sekali,5
nice,5
lancar,5
tambah sukses buat blibli,5
pembayaran menggunakan QRIS tidak bisa di batal kan,2
kereen,5
mantaP betul,5
top markotop,5
kenapa saya tulis 1 bintang . 1.pembayaran qris via blibi web barang tak bisa di batalakan...harus seller yg batalin...padahal alamat salah makanya pgen d cancel....lewat aplikasi pun sistem gagal terus. 2.pengembalian dana yg cancel pesanan sangat lambat.... saya 19 di cancel..tanggal 22 pun belom di proses... 3.sistem terlalu kaku tidak fleksibel tidak seperti aplikasi orange yg cancel pesanan langsung clear hari itu juga...... 4.CS susah di hubungi.... pengen komplain aja antrian stgah jam.,1
mntap,5
"Mau bersaing? Ya harus gratis ongkir lah, kalaupun ada harus dibawah 10K . Ayolah Blibli Semangat",5
mantap👍👍,5
tolong dong bukain kembali paylater saya. masa paylater saya sudah lama di gunakan malah di tangguhkan 😡😡,4
ok,5
ok,5
"hapus layanan pengiriman wahana express!!!! paket saya sudah 4 hari tidak ada pergerakan, saya tanya cs tidak bisa membantu sama sekali, malah suru tanya pihak pengirim/marketplace. gajelas banget wahana expresss",1
download Blibli banyak untungnya,5
katanya ..barang semua dari blibli itu ASLI semua Alias Original...wow...benarkah...????,5
Blibli Mantaaap..,5
suka sekali,5
"updatenya maksa, kalo gak update gak bisa akses, jadi bikin orang males buka aplikasi ini, mending kalo aplikasi unggulan,. contoh dong spee&tkpd",1
Tersukses Semua Aplikasi,5
